id,surface,euro,location,link
X1KA100BJ,100,119900,manastur,https://www.imobiliare.ro/vanzare-apartamente/cluj-napoca/manastur/apartament-de-vanzare-5-camere-X1KA100BJ?lista=141346768
X1KA1011H,100,115000,manastur,https://www.imobiliare.ro/vanzare-apartamente/cluj-napoca/manastur/apartament-de-vanzare-3-camere-X1KA1011H?lista=141346768
X4I710044,100,115000,manastur,https://www.imobiliare.ro/vanzare-apartamente/cluj-napoca/manastur/apartament-de-vanzare-3-camere-X4I710044?lista=141346768
X54N000AB,100,115000,campului,https://www.imobiliare.ro/vanzare-apartamente/cluj-napoca/campului/apartament-de-vanzare-3-camere-X54N000AB?lista=141346768
X5NQ1000M,100,85000,borhanci,https://www.imobiliare.ro/vanzare-apartamente/cluj-napoca/borhanci/apartament-de-vanzare-3-camere-X5NQ1000M?lista=141346768
X8MD1002C,100,115000,campului,https://www.imobiliare.ro/vanzare-apartamente/cluj-napoca/campului/apartament-de-vanzare-3-camere-X8MD1002C?lista=141346768
X9PL1005N,100,115000,manastur,https://www.imobiliare.ro/vanzare-apartamente/cluj-napoca/manastur/apartament-de-vanzare-3-camere-X9PL1005N?lista=141346768
X9CH1002C,101,113000,central,https://www.imobiliare.ro/vanzare-apartamente/cluj-napoca/central/apartament-de-vanzare-3-camere-X9CH1002C?lista=141346768
X7JK0002P,102,109000,manastur,https://www.imobiliare.ro/vanzare-apartamente/cluj-napoca/manastur/apartament-de-vanzare-4-camere-X7JK0002P?lista=141346768
X9PI100DB,104,115000,grigorescu,https://www.imobiliare.ro/vanzare-apartamente/cluj-napoca/grigorescu/apartament-de-vanzare-5-camere-X9PI100DB?lista=141346768
X9PL10060,104,89900,manastur,https://www.imobiliare.ro/vanzare-apartamente/cluj-napoca/manastur/apartament-de-vanzare-3-camere-X9PL10060?lista=141346768
X01V1001I,105,92500,manastur,https://www.imobiliare.ro/vanzare-apartamente/cluj-napoca/manastur/apartament-de-vanzare-3-camere-X01V1001I?lista=141346768
X8M21000A,105,100000,campului,https://www.imobiliare.ro/vanzare-apartamente/cluj-napoca/campului/apartament-de-vanzare-3-camere-X8M21000A?lista=141346768
XARL1003U,105,110000,someseni,https://www.imobiliare.ro/vanzare-apartamente/cluj-napoca/someseni/apartament-de-vanzare-4-camere-XARL1003U?lista=141346768
X54N0004F,106,114000,grigorescu,https://www.imobiliare.ro/vanzare-apartamente/cluj-napoca/grigorescu/apartament-de-vanzare-4-camere-X54N0004F?lista=141346768
X9AC10020,106,111000,grigorescu,https://www.imobiliare.ro/vanzare-apartamente/cluj-napoca/grigorescu/apartament-de-vanzare-3-camere-X9AC10020?lista=141346768
XB0U100AF,106,109000,grigorescu,https://www.imobiliare.ro/vanzare-apartamente/cluj-napoca/grigorescu/apartament-de-vanzare-4-camere-XB0U100AF?lista=141346768
X57Q1008E,108,105000,iris,https://www.imobiliare.ro/vanzare-apartamente/cluj-napoca/iris/apartament-de-vanzare-5-camere-X57Q1008E?lista=141346768
X9PI1003E,108,98500,manastur,https://www.imobiliare.ro/vanzare-apartamente/cluj-napoca/manastur/apartament-de-vanzare-4-camere-X9PI1003E?lista=141346768
X1KA100N0,110,89900,baciu,https://www.imobiliare.ro/vanzare-apartamente/cluj-napoca/baciu/apartament-de-vanzare-4-camere-X1KA100N0?lista=141346768
XARL1004B,110,85000,manastur,http://www.imobiliare.ro/vanzare-apartamente/cluj-napoca/manastur/apartament-de-vanzare-3-camere-XARL1004B?lista=141346768
X46K100ES,120,116900,campului,https://www.imobiliare.ro/vanzare-apartamente/cluj-napoca/campului/penthouse-de-vanzare-sau-de-inchiriat-3-camere-X46K100ES?lista=141346768
X7NS1001P,120,104900,zorilor,http://www.imobiliare.ro/vanzare-apartamente/cluj-napoca/zorilor/apartament-de-vanzare-4-camere-X7NS1001P?lista=141346768
X4NB100AE,122,115000,manastur,https://www.imobiliare.ro/vanzare-apartamente/cluj-napoca/manastur/apartament-de-vanzare-4-camere-X4NB100AE?lista=141346768
X01V1002C,70,106000,marasti,https://www.imobiliare.ro/vanzare-apartamente/cluj-napoca/marasti/apartament-de-vanzare-3-camere-X01V1002C?lista=141346768
X01V1002L,70,87000,manastur,https://www.imobiliare.ro/vanzare-apartamente/cluj-napoca/manastur/apartament-de-vanzare-3-camere-X01V1002L?lista=141346768
X01V1004N,70,92000,marasti,https://www.imobiliare.ro/vanzare-apartamente/cluj-napoca/marasti/apartament-de-vanzare-3-camere-X01V1004N?lista=141346768
X1KA100AT,70,109000,gheorgheni,https://www.imobiliare.ro/vanzare-apartamente/cluj-napoca/gheorgheni/apartament-de-vanzare-3-camere-X1KA100AT?lista=141346768
X1KA100DM,70,105000,marasti,https://www.imobiliare.ro/vanzare-apartamente/cluj-napoca/marasti/apartament-de-vanzare-3-camere-X1KA100DM?lista=141346768
X1KA100EF,70,77000,baciu,https://www.imobiliare.ro/vanzare-apartamente/cluj-napoca/baciu/apartament-de-vanzare-3-camere-X1KA100EF?lista=141346768
X1KA100QT,70,105000,manastur,https://www.imobiliare.ro/vanzare-apartamente/cluj-napoca/manastur/apartament-de-vanzare-3-camere-X1KA100QT?lista=141346768
X1KA1011J,70,95000,manastur,https://www.imobiliare.ro/vanzare-apartamente/cluj-napoca/manastur/apartament-de-vanzare-3-camere-X1KA1011J?lista=141346768
X1KA1016F,70,115000,dambul rotund,https://www.imobiliare.ro/vanzare-apartamente/cluj-napoca/dambul-rotund/apartament-de-vanzare-3-camere-X1KA1016F?lista=141346768
X1KA101PN,70,105415,central,https://www.imobiliare.ro/vanzare-apartamente/cluj-napoca/central/apartament-de-vanzare-3-camere-X1KA101PN?lista=141346768
X3SH100AQ,70,103000,buna ziua,https://www.imobiliare.ro/vanzare-apartamente/cluj-napoca/buna-ziua/apartament-de-vanzare-3-camere-X3SH100AQ?lista=141346768
X3SH102LI,70,94900,campului,https://www.imobiliare.ro/vanzare-apartamente/cluj-napoca/campului/apartament-de-vanzare-3-camere-X3SH102LI?lista=141346768
X3SH103B1,70,84000,someseni,https://www.imobiliare.ro/vanzare-apartamente/cluj-napoca/someseni/apartament-de-vanzare-3-camere-X3SH103B1?lista=141346768
X46K100CD,70,106000,marasti,https://www.imobiliare.ro/vanzare-apartamente/cluj-napoca/marasti/apartament-de-vanzare-3-camere-X46K100CD?lista=141346768
X46K100H3,70,98000,marasti,https://www.imobiliare.ro/vanzare-apartamente/cluj-napoca/marasti/apartament-de-vanzare-3-camere-X46K100H3?lista=141346768
X46K100N7,70,102000,manastur,https://www.imobiliare.ro/vanzare-apartamente/cluj-napoca/manastur/apartament-de-vanzare-3-camere-X46K100N7?lista=141346768
X46K101IP,70,119000,plopilor,https://www.imobiliare.ro/vanzare-apartamente/cluj-napoca/plopilor/apartament-de-vanzare-3-camere-X46K101IP?lista=141346768
X46K101SQ,70,120000,manastur,https://www.imobiliare.ro/vanzare-apartamente/cluj-napoca/manastur/apartament-de-vanzare-3-camere-X46K101SQ?lista=141346768
X46K10209,70,105000,manastur,https://www.imobiliare.ro/vanzare-apartamente/cluj-napoca/manastur/apartament-de-vanzare-3-camere-X46K10209?lista=141346768
X46K102V5,70,87900,manastur,https://www.imobiliare.ro/vanzare-apartamente/cluj-napoca/manastur/apartament-de-vanzare-4-camere-X46K102V5?lista=141346768
X46K1033U,70,109000,marasti,https://www.imobiliare.ro/vanzare-apartamente/cluj-napoca/marasti/apartament-de-vanzare-3-camere-X46K1033U?lista=141346768
X46K103CM,70,110000,gheorgheni,https://www.imobiliare.ro/vanzare-apartamente/cluj-napoca/gheorgheni/apartament-de-vanzare-3-camere-X46K103CM?lista=141346768
X46K103EA,70,108000,manastur,https://www.imobiliare.ro/vanzare-apartamente/cluj-napoca/manastur/apartament-de-vanzare-3-camere-X46K103EA?lista=141346768
X46K103L4,70,102000,marasti,https://www.imobiliare.ro/vanzare-apartamente/cluj-napoca/marasti/apartament-de-vanzare-3-camere-X46K103L4?lista=141346768
X46K103TB,70,99000,manastur,https://www.imobiliare.ro/vanzare-apartamente/cluj-napoca/manastur/apartament-de-vanzare-3-camere-X46K103TB?lista=141346768
X46K104KH,70,95000,manastur,https://www.imobiliare.ro/vanzare-apartamente/cluj-napoca/manastur/apartament-de-vanzare-4-camere-X46K104KH?lista=141346768
X4I71001H,70,106000,marasti,https://www.imobiliare.ro/vanzare-apartamente/cluj-napoca/marasti/apartament-de-vanzare-3-camere-X4I71001H?lista=141346768
X4I7100AP,70,99000,gheorgheni,https://www.imobiliare.ro/vanzare-apartamente/cluj-napoca/gheorgheni/apartament-de-vanzare-4-camere-X4I7100AP?lista=141346768
X4I7100NE,70,101684,borhanci,https://www.imobiliare.ro/vanzare-apartamente/cluj-napoca/borhanci/apartament-de-vanzare-3-camere-X4I7100NE?lista=141346768
X54N0001T,70,101000,borhanci,https://www.imobiliare.ro/vanzare-apartamente/cluj-napoca/borhanci/apartament-de-vanzare-3-camere-X54N0001T?lista=141346768
X54N00045,70,92187,borhanci,https://www.imobiliare.ro/vanzare-apartamente/cluj-napoca/borhanci/apartament-de-vanzare-3-camere-X54N00045?lista=141346768
X57Q1008K,70,106000,marasti,https://www.imobiliare.ro/vanzare-apartamente/cluj-napoca/marasti/apartament-de-vanzare-3-camere-X57Q1008K?lista=141346768
X57Q100BN,70,100000,marasti,https://www.imobiliare.ro/vanzare-apartamente/cluj-napoca/marasti/apartament-de-vanzare-3-camere-X57Q100BN?lista=141346768
X671000A3,70,90359,buna ziua,https://www.imobiliare.ro/vanzare-apartamente/cluj-napoca/buna-ziua/apartament-de-vanzare-3-camere-X671000A3?lista=141346768
X671000C4,70,89000,buna ziua,https://www.imobiliare.ro/vanzare-apartamente/cluj-napoca/buna-ziua/apartament-de-vanzare-3-camere-X671000C4?lista=141346768
X70L00009,70,109000,gheorgheni,https://www.imobiliare.ro/vanzare-apartamente/cluj-napoca/gheorgheni/apartament-de-vanzare-3-camere-X70L00009?lista=141346768
X7F91000V,70,93400,manastur,https://www.imobiliare.ro/vanzare-apartamente/cluj-napoca/manastur/apartament-de-vanzare-3-camere-X7F91000V?lista=141346768
X7G10001E,70,99000,manastur,https://www.imobiliare.ro/vanzare-apartamente/cluj-napoca/manastur/apartament-de-vanzare-3-camere-X7G10001E?lista=141346768
X7JK0001D,70,88900,manastur,https://www.imobiliare.ro/vanzare-apartamente/cluj-napoca/manastur/apartament-de-vanzare-3-camere-X7JK0001D?lista=141346768
X7KQ1000P,70,102000,marasti,https://www.imobiliare.ro/vanzare-apartamente/cluj-napoca/marasti/apartament-de-vanzare-3-camere-X7KQ1000P?lista=141346768
X7KQ1001T,70,98000,manastur,https://www.imobiliare.ro/vanzare-apartamente/cluj-napoca/manastur/apartament-de-vanzare-3-camere-X7KQ1001T?lista=141346768
X7KQ1009L,70,99190,central,https://www.imobiliare.ro/vanzare-apartamente/cluj-napoca/central/apartament-de-vanzare-3-camere-X7KQ1009L?lista=141346768
X7KQ100FS,70,103000,buna ziua,https://www.imobiliare.ro/vanzare-apartamente/cluj-napoca/buna-ziua/apartament-de-vanzare-3-camere-X7KQ100FS?lista=141346768
X7P11000B,70,74800,manastur,https://www.imobiliare.ro/vanzare-apartamente/cluj-napoca/manastur/apartament-de-vanzare-3-camere-X7P11000B?lista=141346768
X7P110039,70,89500,manastur,https://www.imobiliare.ro/vanzare-apartamente/cluj-napoca/manastur/apartament-de-vanzare-3-camere-X7P110039?lista=141346768
X82610006,70,85900,manastur,https://www.imobiliare.ro/vanzare-apartamente/cluj-napoca/manastur/apartament-de-vanzare-3-camere-X82610006?lista=141346768
X82S1003L,70,99500,manastur,https://www.imobiliare.ro/vanzare-apartamente/cluj-napoca/manastur/apartament-de-vanzare-3-camere-X82S1003L?lista=141346768
X8BO1000E,70,107000,buna ziua,https://www.imobiliare.ro/vanzare-apartamente/cluj-napoca/buna-ziua/apartament-de-vanzare-3-camere-X8BO1000E?lista=141346768
X8BO1000T,70,107000,buna ziua,https://www.imobiliare.ro/vanzare-apartamente/cluj-napoca/buna-ziua/apartament-de-vanzare-3-camere-X8BO1000T?lista=141346768
X8JT1001D,70,115000,dambul rotund,https://www.imobiliare.ro/vanzare-apartamente/cluj-napoca/dambul-rotund/apartament-de-vanzare-3-camere-X8JT1001D?lista=141346768
X8MD1000I,70,103000,gheorgheni,https://www.imobiliare.ro/vanzare-apartamente/cluj-napoca/gheorgheni/apartament-de-vanzare-3-camere-X8MD1000I?lista=141346768
X8MD1001R,70,105000,marasti,https://www.imobiliare.ro/vanzare-apartamente/cluj-napoca/marasti/apartament-de-vanzare-3-camere-X8MD1001R?lista=141346768
X8MD1001S,70,88000,manastur,https://www.imobiliare.ro/vanzare-apartamente/cluj-napoca/manastur/apartament-de-vanzare-3-camere-X8MD1001S?lista=141346768
X8MD1004Q,70,81000,dambul rotund,https://www.imobiliare.ro/vanzare-apartamente/cluj-napoca/dambul-rotund/apartament-de-vanzare-3-camere-X8MD1004Q?lista=141346768
X8MD10059,70,110000,gheorgheni,https://www.imobiliare.ro/vanzare-apartamente/cluj-napoca/gheorgheni/apartament-de-vanzare-3-camere-X8MD10059?lista=141346768
X8MD100AH,70,115000,marasti,https://www.imobiliare.ro/vanzare-apartamente/cluj-napoca/marasti/apartament-de-vanzare-3-camere-X8MD100AH?lista=141346768
X8P71000A,70,93500,europa,https://www.imobiliare.ro/vanzare-apartamente/cluj-napoca/europa/apartament-de-vanzare-3-camere-X8P71000A?lista=141346768
X8QD10009,70,104000,buna ziua,https://www.imobiliare.ro/vanzare-apartamente/cluj-napoca/buna-ziua/apartament-de-vanzare-3-camere-X8QD10009?lista=141346768
X8SC1002G,70,93174,borhanci,https://www.imobiliare.ro/vanzare-apartamente/cluj-napoca/borhanci/apartament-de-vanzare-3-camere-X8SC1002G?lista=141346768
X8SD0002P,70,105000,marasti,https://www.imobiliare.ro/vanzare-apartamente/cluj-napoca/marasti/apartament-de-vanzare-3-camere-X8SD0002P?lista=141346768
X93B1000B,70,89800,central,https://www.imobiliare.ro/vanzare-apartamente/cluj-napoca/central/apartament-de-vanzare-3-camere-X93B1000B?lista=141346768
X93B10017,70,101500,borhanci,https://www.imobiliare.ro/vanzare-apartamente/cluj-napoca/borhanci/apartament-de-vanzare-3-camere-X93B10017?lista=141346768
X93B1006V,70,107500,central,http://www.imobiliare.ro/vanzare-apartamente/cluj-napoca/central/apartament-de-vanzare-3-camere-X93B1006V?lista=141346768
X9AC1004I,70,101999,gheorgheni,https://www.imobiliare.ro/vanzare-apartamente/cluj-napoca/gheorgheni/apartament-de-vanzare-3-camere-X9AC1004I?lista=141346768
X9AC1006U,70,104000,manastur,https://www.imobiliare.ro/vanzare-apartamente/cluj-napoca/manastur/apartament-de-vanzare-3-camere-X9AC1006U?lista=141346768
X9AC1007M,70,97990,manastur,https://www.imobiliare.ro/vanzare-apartamente/cluj-napoca/manastur/apartament-de-vanzare-4-camere-X9AC1007M?lista=141346768
X9CH1000E,70,97000,manastur,https://www.imobiliare.ro/vanzare-apartamente/cluj-napoca/manastur/apartament-de-vanzare-4-camere-X9CH1000E?lista=141346768
X9CH1007L,70,107000,gheorgheni,https://www.imobiliare.ro/vanzare-apartamente/cluj-napoca/gheorgheni/apartament-de-vanzare-3-camere-X9CH1007L?lista=141346768
X9CH10083,70,89000,manastur,https://www.imobiliare.ro/vanzare-apartamente/cluj-napoca/manastur/apartament-de-vanzare-3-camere-X9CH10083?lista=141346768
X9E00000D,70,100150,borhanci,https://www.imobiliare.ro/vanzare-apartamente/cluj-napoca/borhanci/apartament-de-vanzare-3-camere-X9E00000D?lista=141346768
X9LN1000C,70,112500,gheorgheni,https://www.imobiliare.ro/vanzare-apartamente/cluj-napoca/gheorgheni/apartament-de-vanzare-3-camere-X9LN1000C?lista=141346768
X9LN10013,70,93000,marasti,https://www.imobiliare.ro/vanzare-apartamente/cluj-napoca/marasti/apartament-de-vanzare-3-camere-X9LN10013?lista=141346768
X9LN1003L,70,88000,manastur,https://www.imobiliare.ro/vanzare-apartamente/cluj-napoca/manastur/apartament-de-vanzare-3-camere-X9LN1003L?lista=141346768
X9PI10030,70,95000,manastur,http://www.imobiliare.ro/vanzare-apartamente/cluj-napoca/manastur/apartament-de-vanzare-4-camere-X9PI10030?lista=141346768
X9PI1004F,70,85000,manastur,https://www.imobiliare.ro/vanzare-apartamente/cluj-napoca/manastur/apartament-de-vanzare-3-camere-X9PI1004F?lista=141346768
X9PI1005A,70,92000,plopilor,https://www.imobiliare.ro/vanzare-apartamente/cluj-napoca/plopilor/apartament-de-vanzare-3-camere-X9PI1005A?lista=141346768
X9PI10078,70,117000,zorilor,https://www.imobiliare.ro/vanzare-apartamente/cluj-napoca/zorilor/apartament-de-vanzare-4-camere-X9PI10078?lista=141346768
X9PI100BJ,70,105000,manastur,https://www.imobiliare.ro/vanzare-apartamente/cluj-napoca/manastur/apartament-de-vanzare-3-camere-X9PI100BJ?lista=141346768
X9PL1009Q,70,115000,buna ziua,https://www.imobiliare.ro/vanzare-apartamente/cluj-napoca/buna-ziua/apartament-de-vanzare-3-camere-X9PL1009Q?lista=141346768
X9PN1003T,70,105000,gheorgheni,https://www.imobiliare.ro/vanzare-apartamente/cluj-napoca/gheorgheni/apartament-de-vanzare-3-camere-X9PN1003T?lista=141346768
X9PN1004E,70,88000,manastur,https://www.imobiliare.ro/vanzare-apartamente/cluj-napoca/manastur/apartament-de-vanzare-4-camere-X9PN1004E?lista=141346768
XA0R0000E,70,107000,marasti,https://www.imobiliare.ro/vanzare-apartamente/cluj-napoca/marasti/apartament-de-vanzare-3-camere-XA0R0000E?lista=141346768
XAON10018,70,109000,gheorgheni,https://www.imobiliare.ro/vanzare-apartamente/cluj-napoca/gheorgheni/apartament-de-vanzare-3-camere-XAON10018?lista=141346768
XAR910003,70,106900,iris,https://www.imobiliare.ro/vanzare-apartamente/cluj-napoca/iris/apartament-de-vanzare-3-camere-XAR910003?lista=141346768
XARL1000J,70,96500,marasti,https://www.imobiliare.ro/vanzare-apartamente/cluj-napoca/marasti/apartament-de-vanzare-3-camere-XARL1000J?lista=141346768
XARL1002J,70,120000,intre lacuri,https://www.imobiliare.ro/vanzare-apartamente/cluj-napoca/intre-lacuri/apartament-de-vanzare-3-camere-XARL1002J?lista=141346768
XARL1004T,70,120000,gruia,http://www.imobiliare.ro/vanzare-apartamente/cluj-napoca/gruia/apartament-de-vanzare-3-camere-XARL1004T?lista=141346768
XV0E00GRB,70,95000,manastur,https://www.imobiliare.ro/vanzare-apartamente/cluj-napoca/manastur/apartament-de-vanzare-3-camere-XV0E00GRB?lista=141346768
X1KA1005E,71,118610,central,https://www.imobiliare.ro/vanzare-apartamente/cluj-napoca/central/apartament-de-vanzare-3-camere-X1KA1005E?lista=141346768
X1KA100CS,71,85000,manastur,https://www.imobiliare.ro/vanzare-apartamente/cluj-napoca/manastur/apartament-de-vanzare-3-camere-X1KA100CS?lista=141346768
X1KA100NS,71,105500,marasti,https://www.imobiliare.ro/vanzare-apartamente/cluj-napoca/marasti/apartament-de-vanzare-3-camere-X1KA100NS?lista=141346768
X46K1051G,71,91580,buna ziua,https://www.imobiliare.ro/vanzare-apartamente/cluj-napoca/buna-ziua/apartament-de-vanzare-3-camere-X46K1051G?lista=141346768
X4I710003,71,93529,marasti,https://www.imobiliare.ro/vanzare-apartamente/cluj-napoca/marasti/apartament-de-vanzare-3-camere-X4I710003?lista=141346768
X4NB100AV,71,82340,marasti,https://www.imobiliare.ro/vanzare-apartamente/cluj-napoca/marasti/apartament-de-vanzare-3-camere-X4NB100AV?lista=141346768
X57Q100ET,71,115000,gheorgheni,https://www.imobiliare.ro/vanzare-apartamente/cluj-napoca/gheorgheni/apartament-de-vanzare-4-camere-X57Q100ET?lista=141346768
X5NQ1003V,71,81650,marasti,https://www.imobiliare.ro/vanzare-apartamente/cluj-napoca/marasti/apartament-de-vanzare-3-camere-X5NQ1003V?lista=141346768
X6710004M,71,89900,buna ziua,https://www.imobiliare.ro/vanzare-apartamente/cluj-napoca/buna-ziua/apartament-de-vanzare-3-camere-X6710004M?lista=141346768
X7JK0002E,71,109300,central,https://www.imobiliare.ro/vanzare-apartamente/cluj-napoca/central/apartament-de-vanzare-3-camere-X7JK0002E?lista=141346768
X7P11004M,71,85750,marasti,https://www.imobiliare.ro/vanzare-apartamente/cluj-napoca/marasti/apartament-de-vanzare-3-camere-X7P11004M?lista=141346768
X83T0000N,71,85000,manastur,https://www.imobiliare.ro/vanzare-apartamente/cluj-napoca/manastur/apartament-de-vanzare-3-camere-X83T0000N?lista=141346768
X8MD1003F,71,96500,buna ziua,https://www.imobiliare.ro/vanzare-apartamente/cluj-napoca/buna-ziua/apartament-de-vanzare-3-camere-X8MD1003F?lista=141346768
X8SC10031,71,85560,marasti,https://www.imobiliare.ro/vanzare-apartamente/cluj-napoca/marasti/apartament-de-vanzare-3-camere-X8SC10031?lista=141346768
X93B1004G,71,99900,andrei muresanu,https://www.imobiliare.ro/vanzare-apartamente/cluj-napoca/andrei-muresanu/apartament-de-vanzare-3-camere-X93B1004G?lista=141346768
X9AC1001R,71,96000,campului,https://www.imobiliare.ro/vanzare-apartamente/cluj-napoca/campului/apartament-de-vanzare-3-camere-X9AC1001R?lista=141346768
X9CH10017,71,117500,grigorescu,https://www.imobiliare.ro/vanzare-apartamente/cluj-napoca/grigorescu/apartament-de-vanzare-3-camere-X9CH10017?lista=141346768
XA7E00004,71,107700,central,https://www.imobiliare.ro/vanzare-apartamente/cluj-napoca/central/apartament-de-vanzare-3-camere-XA7E00004?lista=141346768
XA7E0000Q,71,96600,central,https://www.imobiliare.ro/vanzare-apartamente/cluj-napoca/central/apartament-de-vanzare-3-camere-XA7E0000Q?lista=141346768
XAHI1002S,71,81650,marasti,https://www.imobiliare.ro/vanzare-apartamente/cluj-napoca/marasti/apartament-de-vanzare-3-camere-XAHI1002S?lista=141346768
XARL1004J,71,102000,grigorescu,https://www.imobiliare.ro/vanzare-apartamente/cluj-napoca/grigorescu/apartament-de-vanzare-4-camere-XARL1004J?lista=141346768
X01V1005L,72,120000,gheorgheni,https://www.imobiliare.ro/vanzare-apartamente/cluj-napoca/gheorgheni/apartament-de-vanzare-3-camere-X01V1005L?lista=141346768
X01V100I7,72,93000,manastur,https://www.imobiliare.ro/vanzare-apartamente/cluj-napoca/manastur/apartament-de-vanzare-4-camere-X01V100I7?lista=141346768
X1FJ0015U,72,115000,gheorgheni,https://www.imobiliare.ro/vanzare-apartamente/cluj-napoca/gheorgheni/apartament-de-vanzare-4-camere-X1FJ0015U?lista=141346768
X1KA100J1,72,101500,gheorgheni,https://www.imobiliare.ro/vanzare-apartamente/cluj-napoca/gheorgheni/apartament-de-vanzare-3-camere-X1KA100J1?lista=141346768
X1KA100MQ,72,92638,marasti,https://www.imobiliare.ro/vanzare-apartamente/cluj-napoca/marasti/apartament-de-vanzare-3-camere-X1KA100MQ?lista=141346768
X1KA100T0,72,72500,baciu,https://www.imobiliare.ro/vanzare-apartamente/cluj-napoca/baciu/apartament-de-vanzare-3-camere-X1KA100T0?lista=141346768
X1KA101QL,72,117000,marasti,https://www.imobiliare.ro/vanzare-apartamente/cluj-napoca/marasti/apartament-de-vanzare-3-camere-X1KA101QL?lista=141346768
X1KA101UD,72,113900,marasti,https://www.imobiliare.ro/vanzare-apartamente/cluj-napoca/marasti/apartament-de-vanzare-3-camere-X1KA101UD?lista=141346768
X3SH103D3,72,108825,central,https://www.imobiliare.ro/vanzare-apartamente/cluj-napoca/central/apartament-de-vanzare-3-camere-X3SH103D3?lista=141346768
X46K1029P,72,96000,zorilor,https://www.imobiliare.ro/vanzare-apartamente/cluj-napoca/zorilor/apartament-de-vanzare-3-camere-X46K1029P?lista=141346768
X46K102T6,72,85000,manastur,https://www.imobiliare.ro/vanzare-apartamente/cluj-napoca/manastur/apartament-de-vanzare-3-camere-X46K102T6?lista=141346768
X4V300019,72,101500,borhanci,https://www.imobiliare.ro/vanzare-apartamente/cluj-napoca/borhanci/apartament-de-vanzare-3-camere-X4V300019?lista=141346768
X4V30009M,72,110400,central,https://www.imobiliare.ro/vanzare-apartamente/cluj-napoca/central/apartament-de-vanzare-3-camere-X4V30009M?lista=141346768
X54N0001G,72,72500,baciu,https://www.imobiliare.ro/vanzare-apartamente/cluj-napoca/baciu/apartament-de-vanzare-3-camere-X54N0001G?lista=141346768
X5ET1004B,72,99900,dambul rotund,https://www.imobiliare.ro/vanzare-apartamente/cluj-napoca/dambul-rotund/apartament-de-vanzare-3-camere-X5ET1004B?lista=141346768
X5NQ10023,72,89990,marasti,https://www.imobiliare.ro/vanzare-apartamente/cluj-napoca/marasti/apartament-de-vanzare-3-camere-X5NQ10023?lista=141346768
X6710005D,72,85900,buna ziua,https://www.imobiliare.ro/vanzare-apartamente/cluj-napoca/buna-ziua/apartament-de-vanzare-3-camere-X6710005D?lista=141346768
X6710009U,72,90000,buna ziua,http://www.imobiliare.ro/vanzare-apartamente/cluj-napoca/buna-ziua/apartament-de-vanzare-3-camere-X6710009U?lista=141346768
X7F91003I,72,109900,buna ziua,https://www.imobiliare.ro/vanzare-apartamente/cluj-napoca/buna-ziua/apartament-de-vanzare-3-camere-X7F91003I?lista=141346768
X7F91003P,72,96900,gheorgheni,https://www.imobiliare.ro/vanzare-apartamente/cluj-napoca/gheorgheni/apartament-de-vanzare-4-camere-X7F91003P?lista=141346768
X7F91003T,72,118000,marasti,https://www.imobiliare.ro/vanzare-apartamente/cluj-napoca/marasti/apartament-de-vanzare-3-camere-X7F91003T?lista=141346768
X7F91006E,72,109900,buna ziua,https://www.imobiliare.ro/vanzare-apartamente/cluj-napoca/buna-ziua/apartament-de-vanzare-3-camere-X7F91006E?lista=141346768
X7KQ1009Q,72,102088,borhanci,https://www.imobiliare.ro/vanzare-apartamente/cluj-napoca/borhanci/apartament-de-vanzare-3-camere-X7KQ1009Q?lista=141346768
X7ME0000H,72,120000,gheorgheni,https://www.imobiliare.ro/vanzare-apartamente/cluj-napoca/gheorgheni/apartament-de-vanzare-3-camere-X7ME0000H?lista=141346768
X7ME00014,72,92000,zorilor,https://www.imobiliare.ro/vanzare-apartamente/cluj-napoca/zorilor/apartament-de-vanzare-3-camere-X7ME00014?lista=141346768
X8F50007K,72,109000,gheorgheni,https://www.imobiliare.ro/vanzare-apartamente/cluj-napoca/gheorgheni/apartament-de-vanzare-3-camere-X8F50007K?lista=141346768
X8F500080,72,97000,gheorgheni,https://www.imobiliare.ro/vanzare-apartamente/cluj-napoca/gheorgheni/apartament-de-vanzare-4-camere-X8F500080?lista=141346768
X8M2100EI,72,89000,manastur,https://www.imobiliare.ro/vanzare-apartamente/cluj-napoca/manastur/apartament-de-vanzare-4-camere-X8M2100EI?lista=141346768
X8SC1001K,72,89950,marasti,https://www.imobiliare.ro/vanzare-apartamente/cluj-napoca/marasti/apartament-de-vanzare-3-camere-X8SC1001K?lista=141346768
X8SC1007C,72,100800,central,https://www.imobiliare.ro/vanzare-apartamente/cluj-napoca/central/apartament-de-vanzare-3-camere-X8SC1007C?lista=141346768
X93B1005K,72,94627,zorilor,http://www.imobiliare.ro/vanzare-apartamente/cluj-napoca/zorilor/apartament-de-vanzare-3-camere-X93B1005K?lista=141346768
X93B1009H,72,89299,marasti,http://www.imobiliare.ro/vanzare-apartamente/cluj-napoca/marasti/apartament-de-vanzare-3-camere-X93B1009H?lista=141346768
X9E000007,72,94000,manastur,https://www.imobiliare.ro/vanzare-apartamente/cluj-napoca/manastur/apartament-de-vanzare-3-camere-X9E000007?lista=141346768
X9EV1003G,72,80900,manastur,https://www.imobiliare.ro/vanzare-apartamente/cluj-napoca/manastur/apartament-de-vanzare-3-camere-X9EV1003G?lista=141346768
X9PN1000N,72,118000,buna ziua,https://www.imobiliare.ro/vanzare-apartamente/cluj-napoca/buna-ziua/apartament-de-vanzare-3-camere-X9PN1000N?lista=141346768
X9PN1003B,72,115000,buna ziua,https://www.imobiliare.ro/vanzare-apartamente/cluj-napoca/buna-ziua/apartament-de-vanzare-3-camere-X9PN1003B?lista=141346768
XA9D0004L,72,115000,buna ziua,https://www.imobiliare.ro/vanzare-apartamente/cluj-napoca/buna-ziua/apartament-de-vanzare-3-camere-XA9D0004L?lista=141346768
XAH21000H,72,115000,gheorgheni,https://www.imobiliare.ro/vanzare-apartamente/cluj-napoca/gheorgheni/apartament-de-vanzare-3-camere-XAH21000H?lista=141346768
XAHI1003L,72,115000,gheorgheni,https://www.imobiliare.ro/vanzare-apartamente/cluj-napoca/gheorgheni/apartament-de-vanzare-4-camere-XAHI1003L?lista=141346768
XARL1002A,72,120000,gheorgheni,https://www.imobiliare.ro/vanzare-apartamente/cluj-napoca/gheorgheni/apartament-de-vanzare-3-camere-XARL1002A?lista=141346768
XASI1000B,72,85000,manastur,https://www.imobiliare.ro/vanzare-apartamente/cluj-napoca/manastur/apartament-de-vanzare-3-camere-XASI1000B?lista=141346768
XV0C007B9,72,84000,marasti,https://www.imobiliare.ro/vanzare-apartamente/cluj-napoca/marasti/apartament-de-vanzare-3-camere-XV0C007B9?lista=141346768
X01V10030,73,115000,gheorgheni,https://www.imobiliare.ro/vanzare-apartamente/cluj-napoca/gheorgheni/apartament-de-vanzare-4-camere-X01V10030?lista=141346768
X1KA1001D,73,89990,dambul rotund,https://www.imobiliare.ro/vanzare-apartamente/cluj-napoca/dambul-rotund/apartament-de-vanzare-3-camere-X1KA1001D?lista=141346768
X1KA100KG,73,80000,buna ziua,https://www.imobiliare.ro/vanzare-apartamente/cluj-napoca/buna-ziua/apartament-de-vanzare-3-camere-X1KA100KG?lista=141346768
X1KA100O7,73,120000,buna ziua,https://www.imobiliare.ro/vanzare-apartamente/cluj-napoca/buna-ziua/apartament-de-vanzare-3-camere-X1KA100O7?lista=141346768
X46K103RM,73,102000,semicentral,https://www.imobiliare.ro/vanzare-apartamente/cluj-napoca/semicentral/apartament-de-vanzare-3-camere-X46K103RM?lista=141346768
X4HK10039,73,89500,zorilor,https://www.imobiliare.ro/vanzare-apartamente/cluj-napoca/zorilor/apartament-de-vanzare-3-camere-X4HK10039?lista=141346768
X57Q10035,73,106223,central,https://www.imobiliare.ro/vanzare-apartamente/cluj-napoca/central/apartament-de-vanzare-3-camere-X57Q10035?lista=141346768
X57Q1003R,73,109175,central,https://www.imobiliare.ro/vanzare-apartamente/cluj-napoca/central/apartament-de-vanzare-3-camere-X57Q1003R?lista=141346768
X5ET1003K,73,120000,marasti,https://www.imobiliare.ro/vanzare-apartamente/cluj-napoca/marasti/apartament-de-vanzare-3-camere-X5ET1003K?lista=141346768
X5ET1003S,73,120000,buna ziua,https://www.imobiliare.ro/vanzare-apartamente/cluj-napoca/buna-ziua/apartament-de-vanzare-3-camere-X5ET1003S?lista=141346768
X6MU1000R,73,83200,manastur,https://www.imobiliare.ro/vanzare-apartamente/cluj-napoca/manastur/apartament-de-vanzare-3-camere-X6MU1000R?lista=141346768
X7F91002O,73,87800,dambul rotund,https://www.imobiliare.ro/vanzare-apartamente/cluj-napoca/dambul-rotund/apartament-de-vanzare-3-camere-X7F91002O?lista=141346768
X7KQ100B1,73,120000,buna ziua,https://www.imobiliare.ro/vanzare-apartamente/cluj-napoca/buna-ziua/apartament-de-vanzare-3-camere-X7KQ100B1?lista=141346768
X7NS1001S,73,77900,iris,https://www.imobiliare.ro/vanzare-apartamente/cluj-napoca/iris/apartament-de-vanzare-3-camere-X7NS1001S?lista=141346768
X8DD10016,73,96000,calea turzii,https://www.imobiliare.ro/vanzare-apartamente/cluj-napoca/calea-turzii/apartament-de-vanzare-3-camere-X8DD10016?lista=141346768
X8F50008C,73,120000,marasti,https://www.imobiliare.ro/vanzare-apartamente/cluj-napoca/marasti/apartament-de-vanzare-3-camere-X8F50008C?lista=141346768
X8I70000J,73,120000,gheorgheni,https://www.imobiliare.ro/vanzare-apartamente/cluj-napoca/gheorgheni/apartament-de-vanzare-4-camere-X8I70000J?lista=141346768
X8M2100IL,73,115000,marasti,https://www.imobiliare.ro/vanzare-apartamente/cluj-napoca/marasti/apartament-de-vanzare-3-camere-X8M2100IL?lista=141346768
X8SC10037,73,106223,central,https://www.imobiliare.ro/vanzare-apartamente/cluj-napoca/central/apartament-de-vanzare-3-camere-X8SC10037?lista=141346768
X93B1000G,73,87150,buna ziua,https://www.imobiliare.ro/vanzare-apartamente/cluj-napoca/buna-ziua/apartament-de-vanzare-3-camere-X93B1000G?lista=141346768
X93B1002M,73,96237,gheorgheni,https://www.imobiliare.ro/vanzare-apartamente/cluj-napoca/gheorgheni/apartament-de-vanzare-3-camere-X93B1002M?lista=141346768
X93B1008M,73,109700,central,http://www.imobiliare.ro/vanzare-apartamente/cluj-napoca/central/apartament-de-vanzare-3-camere-X93B1008M?lista=141346768
X9PL10032,73,119900,buna ziua,https://www.imobiliare.ro/vanzare-apartamente/cluj-napoca/buna-ziua/apartament-de-vanzare-3-camere-X9PL10032?lista=141346768
X9PL100C2,73,114500,gheorgheni,https://www.imobiliare.ro/vanzare-apartamente/cluj-napoca/gheorgheni/apartament-de-vanzare-4-camere-X9PL100C2?lista=141346768
X9T700022,73,97200,borhanci,https://www.imobiliare.ro/vanzare-apartamente/cluj-napoca/borhanci/apartament-de-vanzare-3-camere-X9T700022?lista=141346768
XAR91002J,73,115000,gheorgheni,https://www.imobiliare.ro/vanzare-apartamente/cluj-napoca/gheorgheni/apartament-de-vanzare-4-camere-XAR91002J?lista=141346768
X1FJ001B4,74,119000,marasti,https://www.imobiliare.ro/vanzare-apartamente/cluj-napoca/marasti/apartament-de-vanzare-3-camere-X1FJ001B4?lista=141346768
X1KA101A6,74,112211,borhanci,https://www.imobiliare.ro/vanzare-apartamente/cluj-napoca/borhanci/apartament-de-vanzare-3-camere-X1KA101A6?lista=141346768
X4I7100BI,74,115000,gheorgheni,https://www.imobiliare.ro/vanzare-apartamente/cluj-napoca/gheorgheni/apartament-de-vanzare-4-camere-X4I7100BI?lista=141346768
X4I7100BS,74,90007,marasti,https://www.imobiliare.ro/vanzare-apartamente/cluj-napoca/marasti/apartament-de-vanzare-3-camere-X4I7100BS?lista=141346768
X4NB100AT,74,86000,marasti,https://www.imobiliare.ro/vanzare-apartamente/cluj-napoca/marasti/apartament-de-vanzare-3-camere-X4NB100AT?lista=141346768
X54N0003O,74,90033,marasti,https://www.imobiliare.ro/vanzare-apartamente/cluj-napoca/marasti/apartament-de-vanzare-3-camere-X54N0003O?lista=141346768
X57Q1003N,74,112500,buna ziua,https://www.imobiliare.ro/vanzare-apartamente/cluj-napoca/buna-ziua/apartament-de-vanzare-3-camere-X57Q1003N?lista=141346768
X57Q1005D,74,114000,central,https://www.imobiliare.ro/vanzare-apartamente/cluj-napoca/central/apartament-de-vanzare-3-camere-X57Q1005D?lista=141346768
X57Q100K3,74,95000,gheorgheni,https://www.imobiliare.ro/vanzare-apartamente/cluj-napoca/gheorgheni/apartament-de-vanzare-3-camere-X57Q100K3?lista=141346768
X5NQ1000G,74,86300,marasti,https://www.imobiliare.ro/vanzare-apartamente/cluj-napoca/marasti/apartament-de-vanzare-3-camere-X5NQ1000G?lista=141346768
X5NQ10013,74,98900,zorilor,https://www.imobiliare.ro/vanzare-apartamente/cluj-napoca/zorilor/apartament-de-vanzare-3-camere-X5NQ10013?lista=141346768
X7JK0003U,74,99900,gheorgheni,https://www.imobiliare.ro/vanzare-apartamente/cluj-napoca/gheorgheni/apartament-de-vanzare-3-camere-X7JK0003U?lista=141346768
X7KQ100CU,74,97000,gheorgheni,https://www.imobiliare.ro/vanzare-apartamente/cluj-napoca/gheorgheni/apartament-de-vanzare-4-camere-X7KQ100CU?lista=141346768
X8BO10025,74,97000,gheorgheni,https://www.imobiliare.ro/vanzare-apartamente/cluj-napoca/gheorgheni/apartament-de-vanzare-4-camere-X8BO10025?lista=141346768
X8BT0001G,74,97000,gheorgheni,https://www.imobiliare.ro/vanzare-apartamente/cluj-napoca/gheorgheni/apartament-de-vanzare-4-camere-X8BT0001G?lista=141346768
X8M21005Q,74,95000,manastur,https://www.imobiliare.ro/vanzare-apartamente/cluj-napoca/manastur/apartament-de-vanzare-3-camere-X8M21005Q?lista=141346768
X8M2100MD,74,97000,gheorgheni,https://www.imobiliare.ro/vanzare-apartamente/cluj-napoca/gheorgheni/apartament-de-vanzare-4-camere-X8M2100MD?lista=141346768
X8MD1003D,74,96000,gheorgheni,https://www.imobiliare.ro/vanzare-apartamente/cluj-napoca/gheorgheni/apartament-de-vanzare-4-camere-X8MD1003D?lista=141346768
X8MD100AN,74,95000,manastur,https://www.imobiliare.ro/vanzare-apartamente/cluj-napoca/manastur/apartament-de-vanzare-3-camere-X8MD100AN?lista=141346768
X8SC1002E,74,101874,borhanci,https://www.imobiliare.ro/vanzare-apartamente/cluj-napoca/borhanci/apartament-de-vanzare-3-camere-X8SC1002E?lista=141346768
X8SC10036,74,104673,central,https://www.imobiliare.ro/vanzare-apartamente/cluj-napoca/central/apartament-de-vanzare-3-camere-X8SC10036?lista=141346768
X93B1002S,74,95544,gheorgheni,https://www.imobiliare.ro/vanzare-apartamente/cluj-napoca/gheorgheni/apartament-de-vanzare-3-camere-X93B1002S?lista=141346768
X93B1003B,74,113093,central,https://www.imobiliare.ro/vanzare-apartamente/cluj-napoca/central/apartament-de-vanzare-3-camere-X93B1003B?lista=141346768
X93B1004U,74,110500,borhanci,https://www.imobiliare.ro/vanzare-apartamente/cluj-napoca/borhanci/apartament-de-vanzare-3-camere-X93B1004U?lista=141346768
X93B1005O,74,85445,marasti,http://www.imobiliare.ro/vanzare-apartamente/cluj-napoca/marasti/apartament-de-vanzare-3-camere-X93B1005O?lista=141346768
X93B10086,74,86300,marasti,http://www.imobiliare.ro/vanzare-apartamente/cluj-napoca/marasti/apartament-de-vanzare-3-camere-X93B10086?lista=141346768
X9ND1007T,74,97800,marasti,https://www.imobiliare.ro/vanzare-apartamente/cluj-napoca/marasti/apartament-de-vanzare-3-camere-X9ND1007T?lista=141346768
XA7E0000S,74,104400,central,https://www.imobiliare.ro/vanzare-apartamente/cluj-napoca/central/apartament-de-vanzare-3-camere-XA7E0000S?lista=141346768
XAHI1003U,74,110000,buna ziua,https://www.imobiliare.ro/vanzare-apartamente/cluj-napoca/buna-ziua/apartament-de-vanzare-3-camere-XAHI1003U?lista=141346768
XARL1001L,74,89900,manastur,https://www.imobiliare.ro/vanzare-apartamente/cluj-napoca/manastur/apartament-de-vanzare-4-camere-XARL1001L?lista=141346768
X1KA10011,75,103000,manastur,https://www.imobiliare.ro/vanzare-apartamente/cluj-napoca/manastur/apartament-de-vanzare-3-camere-X1KA10011?lista=141346768
X1KA1008G,75,120000,gheorgheni,https://www.imobiliare.ro/vanzare-apartamente/cluj-napoca/gheorgheni/apartament-de-vanzare-3-camere-X1KA1008G?lista=141346768
X1KA100PE,75,113670,marasti,https://www.imobiliare.ro/vanzare-apartamente/cluj-napoca/marasti/apartament-de-vanzare-3-camere-X1KA100PE?lista=141346768
X1KA10190,75,117459,marasti,https://www.imobiliare.ro/vanzare-apartamente/cluj-napoca/marasti/apartament-de-vanzare-3-camere-X1KA10190?lista=141346768
X1KA101EA,75,85721,marasti,https://www.imobiliare.ro/vanzare-apartamente/cluj-napoca/marasti/apartament-de-vanzare-3-camere-X1KA101EA?lista=141346768
X46K100BS,75,110000,manastur,https://www.imobiliare.ro/vanzare-apartamente/cluj-napoca/manastur/apartament-de-vanzare-3-camere-X46K100BS?lista=141346768
X46K101TB,75,105000,manastur,https://www.imobiliare.ro/vanzare-apartamente/cluj-napoca/manastur/apartament-de-vanzare-3-camere-X46K101TB?lista=141346768
X4HK10058,75,105570,sopor,https://www.imobiliare.ro/vanzare-apartamente/cluj-napoca/sopor/apartament-de-vanzare-3-camere-X4HK10058?lista=141346768
X4NB100B3,75,80000,manastur,https://www.imobiliare.ro/vanzare-apartamente/cluj-napoca/manastur/apartament-de-vanzare-3-camere-X4NB100B3?lista=141346768
X54N0001E,75,118000,zorilor,https://www.imobiliare.ro/vanzare-apartamente/cluj-napoca/zorilor/apartament-de-vanzare-3-camere-X54N0001E?lista=141346768
X57Q1000Q,75,119000,central,https://www.imobiliare.ro/vanzare-apartamente/cluj-napoca/central/apartament-de-vanzare-3-camere-X57Q1000Q?lista=141346768
X57Q1009N,75,114000,marasti,https://www.imobiliare.ro/vanzare-apartamente/cluj-napoca/marasti/apartament-de-vanzare-3-camere-X57Q1009N?lista=141346768
X83T0000P,75,100000,manastur,https://www.imobiliare.ro/vanzare-apartamente/cluj-napoca/manastur/apartament-de-vanzare-3-camere-X83T0000P?lista=141346768
X8F500076,75,115000,marasti,https://www.imobiliare.ro/vanzare-apartamente/cluj-napoca/marasti/apartament-de-vanzare-4-camere-X8F500076?lista=141346768
X8M210018,75,98500,manastur,https://www.imobiliare.ro/vanzare-apartamente/cluj-napoca/manastur/apartament-de-vanzare-4-camere-X8M210018?lista=141346768
X8M210089,75,92500,campului,https://www.imobiliare.ro/vanzare-apartamente/cluj-napoca/campului/apartament-de-vanzare-4-camere-X8M210089?lista=141346768
X8QD10012,75,90000,dambul rotund,https://www.imobiliare.ro/vanzare-apartamente/cluj-napoca/dambul-rotund/apartament-de-vanzare-3-camere-X8QD10012?lista=141346768
X8SD00021,75,95000,manastur,https://www.imobiliare.ro/vanzare-apartamente/cluj-napoca/manastur/apartament-de-vanzare-4-camere-X8SD00021?lista=141346768
X92N1003M,75,112500,intre lacuri,https://www.imobiliare.ro/vanzare-apartamente/cluj-napoca/intre-lacuri/apartament-de-vanzare-3-camere-X92N1003M?lista=141346768
X9AC1002T,75,120000,marasti,https://www.imobiliare.ro/vanzare-apartamente/cluj-napoca/marasti/apartament-de-vanzare-3-camere-X9AC1002T?lista=141346768
X9AC1003P,75,100000,manastur,https://www.imobiliare.ro/vanzare-apartamente/cluj-napoca/manastur/apartament-de-vanzare-3-camere-X9AC1003P?lista=141346768
X9E00000O,75,85721,marasti,https://www.imobiliare.ro/vanzare-apartamente/cluj-napoca/marasti/apartament-de-vanzare-3-camere-X9E00000O?lista=141346768
XAMQ0000Q,75,94000,marasti,https://www.imobiliare.ro/vanzare-apartamente/cluj-napoca/marasti/apartament-de-vanzare-3-camere-XAMQ0000Q?lista=141346768
XANP00005,75,86767,marasti,https://www.imobiliare.ro/vanzare-apartamente/cluj-napoca/marasti/apartament-de-vanzare-3-camere-XANP00005?lista=141346768
XARL1000L,75,97500,grigorescu,https://www.imobiliare.ro/vanzare-apartamente/cluj-napoca/grigorescu/apartament-de-vanzare-3-camere-XARL1000L?lista=141346768
XARL10048,75,93500,manastur,https://www.imobiliare.ro/vanzare-apartamente/cluj-napoca/manastur/apartament-de-vanzare-4-camere-XARL10048?lista=141346768
XB0U100CH,75,120000,marasti,https://www.imobiliare.ro/vanzare-apartamente/cluj-napoca/marasti/apartament-de-vanzare-3-camere-XB0U100CH?lista=141346768
XV0G00O3D,75,107640,andrei muresanu,https://www.imobiliare.ro/vanzare-apartamente/cluj-napoca/andrei-muresanu/apartament-de-vanzare-3-camere-XV0G00O3D?lista=141346768
X1KA1004U,76,107000,marasti,https://www.imobiliare.ro/vanzare-apartamente/cluj-napoca/marasti/apartament-de-vanzare-3-camere-X1KA1004U?lista=141346768
X1KA100N2,76,118000,manastur,https://www.imobiliare.ro/vanzare-apartamente/cluj-napoca/manastur/apartament-de-vanzare-3-camere-X1KA100N2?lista=141346768
X1KA101D9,76,90000,manastur,https://www.imobiliare.ro/vanzare-apartamente/cluj-napoca/manastur/apartament-de-vanzare-4-camere-X1KA101D9?lista=141346768
X1KA101DB,76,85000,baciu,https://www.imobiliare.ro/vanzare-apartamente/cluj-napoca/baciu/apartament-de-vanzare-3-camere-X1KA101DB?lista=141346768
X1KA101PP,76,120000,manastur,https://www.imobiliare.ro/vanzare-apartamente/cluj-napoca/manastur/apartament-de-vanzare-3-camere-X1KA101PP?lista=141346768
X1KA10216,76,119300,central,https://www.imobiliare.ro/vanzare-apartamente/cluj-napoca/central/apartament-de-vanzare-3-camere-X1KA10216?lista=141346768
X46K10068,76,120000,manastur,https://www.imobiliare.ro/vanzare-apartamente/cluj-napoca/manastur/apartament-de-vanzare-3-camere-X46K10068?lista=141346768
X46K102P3,76,118000,manastur,https://www.imobiliare.ro/vanzare-apartamente/cluj-napoca/manastur/apartament-de-vanzare-3-camere-X46K102P3?lista=141346768
X46K102PH,76,107000,manastur,https://www.imobiliare.ro/vanzare-apartamente/cluj-napoca/manastur/apartament-de-vanzare-4-camere-X46K102PH?lista=141346768
X46K105DS,76,119000,semicentral,https://www.imobiliare.ro/vanzare-apartamente/cluj-napoca/semicentral/apartament-de-vanzare-3-camere-X46K105DS?lista=141346768
X46K105NO,76,75800,campului,https://www.imobiliare.ro/vanzare-apartamente/cluj-napoca/campului/apartament-de-vanzare-3-camere-X46K105NO?lista=141346768
X4I71005N,76,119900,zorilor,https://www.imobiliare.ro/vanzare-apartamente/cluj-napoca/zorilor/apartament-de-vanzare-4-camere-X4I71005N?lista=141346768
X4I71009J,76,95900,buna ziua,https://www.imobiliare.ro/vanzare-apartamente/cluj-napoca/buna-ziua/apartament-de-vanzare-3-camere-X4I71009J?lista=141346768
X4I7100JH,76,92900,marasti,https://www.imobiliare.ro/vanzare-apartamente/cluj-napoca/marasti/apartament-de-vanzare-3-camere-X4I7100JH?lista=141346768
X54N00082,76,119900,marasti,https://www.imobiliare.ro/vanzare-apartamente/cluj-napoca/marasti/apartament-de-vanzare-4-camere-X54N00082?lista=141346768
X57Q100AN,76,117000,europa,https://www.imobiliare.ro/vanzare-apartamente/cluj-napoca/europa/apartament-de-vanzare-3-camere-X57Q100AN?lista=141346768
X57Q100GC,76,117224,buna ziua,https://www.imobiliare.ro/vanzare-apartamente/cluj-napoca/buna-ziua/apartament-de-vanzare-3-camere-X57Q100GC?lista=141346768
X5ET10010,76,118000,marasti,https://www.imobiliare.ro/vanzare-apartamente/cluj-napoca/marasti/apartament-de-vanzare-3-camere-X5ET10010?lista=141346768
X671000A7,76,95900,buna ziua,https://www.imobiliare.ro/vanzare-apartamente/cluj-napoca/buna-ziua/apartament-de-vanzare-3-camere-X671000A7?lista=141346768
X7KQ100CG,76,95900,buna ziua,https://www.imobiliare.ro/vanzare-apartamente/cluj-napoca/buna-ziua/apartament-de-vanzare-3-camere-X7KQ100CG?lista=141346768
X82S1003F,76,92500,marasti,https://www.imobiliare.ro/vanzare-apartamente/cluj-napoca/marasti/apartament-de-vanzare-3-camere-X82S1003F?lista=141346768
X8F50008G,76,110000,marasti,https://www.imobiliare.ro/vanzare-apartamente/cluj-napoca/marasti/apartament-de-vanzare-3-camere-X8F50008G?lista=141346768
X8JT10021,76,108000,marasti,https://www.imobiliare.ro/vanzare-apartamente/cluj-napoca/marasti/apartament-de-vanzare-3-camere-X8JT10021?lista=141346768
X8M21003D,76,76500,campului,https://www.imobiliare.ro/vanzare-apartamente/cluj-napoca/campului/apartament-de-vanzare-3-camere-X8M21003D?lista=141346768
X8M21006Q,76,120000,marasti,https://www.imobiliare.ro/vanzare-apartamente/cluj-napoca/marasti/apartament-de-vanzare-3-camere-X8M21006Q?lista=141346768
X8MD1008K,76,118000,manastur,https://www.imobiliare.ro/vanzare-apartamente/cluj-napoca/manastur/apartament-de-vanzare-3-camere-X8MD1008K?lista=141346768
X8SC1001O,76,95900,buna ziua,http://www.imobiliare.ro/vanzare-apartamente/cluj-napoca/buna-ziua/apartament-de-vanzare-3-camere-X8SC1001O?lista=141346768
X90R1006G,76,75800,manastur,https://www.imobiliare.ro/vanzare-apartamente/cluj-napoca/manastur/apartament-de-vanzare-3-camere-X90R1006G?lista=141346768
X91L1000I,76,116500,marasti,https://www.imobiliare.ro/vanzare-apartamente/cluj-napoca/marasti/apartament-de-vanzare-3-camere-X91L1000I?lista=141346768
X93B1008H,76,117129,zorilor,http://www.imobiliare.ro/vanzare-apartamente/cluj-napoca/zorilor/apartament-de-vanzare-3-camere-X93B1008H?lista=141346768
X93B1009M,76,108088,europa,https://www.imobiliare.ro/vanzare-apartamente/cluj-napoca/europa/apartament-de-vanzare-3-camere-X93B1009M?lista=141346768
X9CH1003O,76,117000,plopilor,https://www.imobiliare.ro/vanzare-apartamente/cluj-napoca/plopilor/apartament-de-vanzare-3-camere-X9CH1003O?lista=141346768
X9CH1006B,76,119000,marasti,https://www.imobiliare.ro/vanzare-apartamente/cluj-napoca/marasti/apartament-de-vanzare-3-camere-X9CH1006B?lista=141346768
X9LN1001S,76,95000,manastur,https://www.imobiliare.ro/vanzare-apartamente/cluj-napoca/manastur/apartament-de-vanzare-4-camere-X9LN1001S?lista=141346768
X9PI10070,76,120000,zorilor,https://www.imobiliare.ro/vanzare-apartamente/cluj-napoca/zorilor/apartament-de-vanzare-4-camere-X9PI10070?lista=141346768
X9PI1009B,76,95000,manastur,https://www.imobiliare.ro/vanzare-apartamente/cluj-napoca/manastur/apartament-de-vanzare-4-camere-X9PI1009B?lista=141346768
X9PL1003N,76,99900,marasti,https://www.imobiliare.ro/vanzare-apartamente/cluj-napoca/marasti/apartament-de-vanzare-4-camere-X9PL1003N?lista=141346768
X9PL10069,76,118000,manastur,https://www.imobiliare.ro/vanzare-apartamente/cluj-napoca/manastur/apartament-de-vanzare-3-camere-X9PL10069?lista=141346768
X9PN10011,76,110000,marasti,https://www.imobiliare.ro/vanzare-apartamente/cluj-napoca/marasti/apartament-de-vanzare-3-camere-X9PN10011?lista=141346768
XANP0000I,76,97977,marasti,https://www.imobiliare.ro/vanzare-apartamente/cluj-napoca/marasti/apartament-de-vanzare-3-camere-XANP0000I?lista=141346768
XAON1000J,76,118000,manastur,https://www.imobiliare.ro/vanzare-apartamente/cluj-napoca/manastur/apartament-de-vanzare-3-camere-XAON1000J?lista=141346768
X1FJ001B6,77,110000,marasti,https://www.imobiliare.ro/vanzare-apartamente/cluj-napoca/marasti/apartament-de-vanzare-4-camere-X1FJ001B6?lista=141346768
X3SH100LT,77,95000,aurel vlaicu,https://www.imobiliare.ro/vanzare-apartamente/cluj-napoca/aurel-vlaicu/apartament-de-vanzare-4-camere-X3SH100LT?lista=141346768
X46K103C2,77,98000,borhanci,https://www.imobiliare.ro/vanzare-apartamente/cluj-napoca/borhanci/apartament-de-vanzare-3-camere-X46K103C2?lista=141346768
X4HK10056,77,89500,zorilor,https://www.imobiliare.ro/vanzare-apartamente/cluj-napoca/zorilor/apartament-de-vanzare-3-camere-X4HK10056?lista=141346768
X4I7100E8,77,82500,manastur,https://www.imobiliare.ro/vanzare-apartamente/cluj-napoca/manastur/apartament-de-vanzare-3-camere-X4I7100E8?lista=141346768
X57Q1002J,77,109900,intre lacuri,https://www.imobiliare.ro/vanzare-apartamente/cluj-napoca/intre-lacuri/apartament-de-vanzare-4-camere-X57Q1002J?lista=141346768
X6710002V,77,95900,andrei muresanu,https://www.imobiliare.ro/vanzare-apartamente/cluj-napoca/andrei-muresanu/apartament-de-vanzare-3-camere-X6710002V?lista=141346768
X6710003S,77,103000,buna ziua,https://www.imobiliare.ro/vanzare-apartamente/cluj-napoca/buna-ziua/apartament-de-vanzare-3-camere-X6710003S?lista=141346768
X67100061,77,95900,buna ziua,https://www.imobiliare.ro/vanzare-apartamente/cluj-napoca/buna-ziua/apartament-de-vanzare-3-camere-X67100061?lista=141346768
X6710007P,77,99736,andrei muresanu,https://www.imobiliare.ro/vanzare-apartamente/cluj-napoca/andrei-muresanu/apartament-de-vanzare-3-camere-X6710007P?lista=141346768
X671000B7,77,95900,buna ziua,https://www.imobiliare.ro/vanzare-apartamente/cluj-napoca/buna-ziua/apartament-de-vanzare-3-camere-X671000B7?lista=141346768
X7P110025,77,105000,grigorescu,https://www.imobiliare.ro/vanzare-apartamente/cluj-napoca/grigorescu/apartament-de-vanzare-3-camere-X7P110025?lista=141346768
X82S10018,77,110900,manastur,https://www.imobiliare.ro/vanzare-apartamente/cluj-napoca/manastur/apartament-de-vanzare-4-camere-X82S10018?lista=141346768
X82S10043,77,110000,marasti,https://www.imobiliare.ro/vanzare-apartamente/cluj-napoca/marasti/apartament-de-vanzare-4-camere-X82S10043?lista=141346768
X8I70002O,77,91000,manastur,https://www.imobiliare.ro/vanzare-apartamente/cluj-napoca/manastur/apartament-de-vanzare-4-camere-X8I70002O?lista=141346768
X8MD1000B,77,95000,manastur,https://www.imobiliare.ro/vanzare-apartamente/cluj-napoca/manastur/apartament-de-vanzare-3-camere-X8MD1000B?lista=141346768
X8SC1001J,77,91700,marasti,https://www.imobiliare.ro/vanzare-apartamente/cluj-napoca/marasti/apartament-de-vanzare-3-camere-X8SC1001J?lista=141346768
X93B10011,77,109000,buna ziua,https://www.imobiliare.ro/vanzare-apartamente/cluj-napoca/buna-ziua/apartament-de-vanzare-3-camere-X93B10011?lista=141346768
X93B1003F,77,95900,buna ziua,http://www.imobiliare.ro/vanzare-apartamente/cluj-napoca/buna-ziua/apartament-de-vanzare-3-camere-X93B1003F?lista=141346768
X9CH1001E,77,79500,iris,https://www.imobiliare.ro/vanzare-apartamente/cluj-napoca/iris/apartament-de-vanzare-3-camere-X9CH1001E?lista=141346768
X9EV10042,77,87000,manastur,https://www.imobiliare.ro/vanzare-apartamente/cluj-napoca/manastur/apartament-de-vanzare-3-camere-X9EV10042?lista=141346768
X9LN1000V,77,96000,manastur,https://www.imobiliare.ro/vanzare-apartamente/cluj-napoca/manastur/apartament-de-vanzare-3-camere-X9LN1000V?lista=141346768
X9PI10026,77,119000,grigorescu,https://www.imobiliare.ro/vanzare-apartamente/cluj-napoca/grigorescu/apartament-de-vanzare-4-camere-X9PI10026?lista=141346768
XANP00004,77,89458,marasti,https://www.imobiliare.ro/vanzare-apartamente/cluj-napoca/marasti/apartament-de-vanzare-3-camere-XANP00004?lista=141346768
XANP00011,77,91207,marasti,https://www.imobiliare.ro/vanzare-apartamente/cluj-napoca/marasti/apartament-de-vanzare-3-camere-XANP00011?lista=141346768
XAT000013,77,95103,marasti,https://www.imobiliare.ro/vanzare-apartamente/cluj-napoca/marasti/apartament-de-vanzare-3-camere-XAT000013?lista=141346768
XB0U10084,77,78000,manastur,https://www.imobiliare.ro/vanzare-apartamente/cluj-napoca/manastur/apartament-de-vanzare-3-camere-XB0U10084?lista=141346768
X1FJ0014U,78,120000,marasti,https://www.imobiliare.ro/vanzare-apartamente/cluj-napoca/marasti/apartament-de-vanzare-3-camere-X1FJ0014U?lista=141346768
X1FJ00197,78,115000,manastur,https://www.imobiliare.ro/vanzare-apartamente/cluj-napoca/manastur/apartament-de-vanzare-4-camere-X1FJ00197?lista=141346768
X1KA100E3,78,95000,manastur,https://www.imobiliare.ro/vanzare-apartamente/cluj-napoca/manastur/apartament-de-vanzare-4-camere-X1KA100E3?lista=141346768
X1KA100GV,78,120000,marasti,https://www.imobiliare.ro/vanzare-apartamente/cluj-napoca/marasti/apartament-de-vanzare-4-camere-X1KA100GV?lista=141346768
X1KA100N4,78,110000,manastur,https://www.imobiliare.ro/vanzare-apartamente/cluj-napoca/manastur/apartament-de-vanzare-4-camere-X1KA100N4?lista=141346768
X1KA100RI,78,120000,marasti,https://www.imobiliare.ro/vanzare-apartamente/cluj-napoca/marasti/apartament-de-vanzare-4-camere-X1KA100RI?lista=141346768
X1KA1016R,78,89900,manastur,https://www.imobiliare.ro/vanzare-apartamente/cluj-napoca/manastur/apartament-de-vanzare-4-camere-X1KA1016R?lista=141346768
X1KA101BV,78,85000,manastur,https://www.imobiliare.ro/vanzare-apartamente/cluj-napoca/manastur/apartament-de-vanzare-4-camere-X1KA101BV?lista=141346768
X3SH103CS,78,84999,intre lacuri,https://www.imobiliare.ro/vanzare-apartamente/cluj-napoca/intre-lacuri/apartament-de-vanzare-3-camere-X3SH103CS?lista=141346768
X46K102FP,78,120000,marasti,https://www.imobiliare.ro/vanzare-apartamente/cluj-napoca/marasti/apartament-de-vanzare-4-camere-X46K102FP?lista=141346768
X46K102Q9,78,110000,manastur,https://www.imobiliare.ro/vanzare-apartamente/cluj-napoca/manastur/apartament-de-vanzare-4-camere-X46K102Q9?lista=141346768
X4HK1001A,78,115000,marasti,https://www.imobiliare.ro/vanzare-apartamente/cluj-napoca/marasti/apartament-de-vanzare-4-camere-X4HK1001A?lista=141346768
X4I710002,78,109000,buna ziua,https://www.imobiliare.ro/vanzare-apartamente/cluj-napoca/buna-ziua/apartament-de-vanzare-3-camere-X4I710002?lista=141346768
X4I71000F,78,109000,marasti,https://www.imobiliare.ro/vanzare-apartamente/cluj-napoca/marasti/apartament-de-vanzare-4-camere-X4I71000F?lista=141346768
X4I710046,78,95000,manastur,https://www.imobiliare.ro/vanzare-apartamente/cluj-napoca/manastur/apartament-de-vanzare-4-camere-X4I710046?lista=141346768
X4I71006Q,78,105000,manastur,https://www.imobiliare.ro/vanzare-apartamente/cluj-napoca/manastur/apartament-de-vanzare-4-camere-X4I71006Q?lista=141346768
X4I7100D4,78,90000,manastur,https://www.imobiliare.ro/vanzare-apartamente/cluj-napoca/manastur/apartament-de-vanzare-4-camere-X4I7100D4?lista=141346768
X4I7100FN,78,90000,manastur,https://www.imobiliare.ro/vanzare-apartamente/cluj-napoca/manastur/apartament-de-vanzare-4-camere-X4I7100FN?lista=141346768
X4I7100JA,78,120000,manastur,https://www.imobiliare.ro/vanzare-apartamente/cluj-napoca/manastur/apartament-de-vanzare-4-camere-X4I7100JA?lista=141346768
X54N0006J,78,97500,marasti,https://www.imobiliare.ro/vanzare-apartamente/cluj-napoca/marasti/apartament-de-vanzare-4-camere-X54N0006J?lista=141346768
X57Q1004E,78,119000,zorilor,https://www.imobiliare.ro/vanzare-apartamente/cluj-napoca/zorilor/apartament-de-vanzare-4-camere-X57Q1004E?lista=141346768
X57Q100HV,78,114990,marasti,https://www.imobiliare.ro/vanzare-apartamente/cluj-napoca/marasti/apartament-de-vanzare-4-camere-X57Q100HV?lista=141346768
X57Q100K4,78,115000,marasti,http://www.imobiliare.ro/vanzare-apartamente/cluj-napoca/marasti/apartament-de-vanzare-4-camere-X57Q100K4?lista=141346768
X57Q100KA,78,110000,marasti,https://www.imobiliare.ro/vanzare-apartamente/cluj-napoca/marasti/apartament-de-vanzare-4-camere-X57Q100KA?lista=141346768
X5ET10028,78,109000,buna ziua,https://www.imobiliare.ro/vanzare-apartamente/cluj-napoca/buna-ziua/apartament-de-vanzare-3-camere-X5ET10028?lista=141346768
X65E1000E,78,119900,zorilor,https://www.imobiliare.ro/vanzare-apartamente/cluj-napoca/zorilor/apartament-de-vanzare-4-camere-X65E1000E?lista=141346768
X6QM1001I,78,89900,manastur,https://www.imobiliare.ro/vanzare-apartamente/cluj-napoca/manastur/apartament-de-vanzare-4-camere-X6QM1001I?lista=141346768
X6QM1005A,78,114900,marasti,https://www.imobiliare.ro/vanzare-apartamente/cluj-napoca/marasti/apartament-de-vanzare-4-camere-X6QM1005A?lista=141346768
X7F91000J,78,89900,manastur,https://www.imobiliare.ro/vanzare-apartamente/cluj-napoca/manastur/apartament-de-vanzare-4-camere-X7F91000J?lista=141346768
X7F91006H,78,89900,manastur,https://www.imobiliare.ro/vanzare-apartamente/cluj-napoca/manastur/apartament-de-vanzare-4-camere-X7F91006H?lista=141346768
X7KQ1002M,78,115000,marasti,https://www.imobiliare.ro/vanzare-apartamente/cluj-napoca/marasti/apartament-de-vanzare-4-camere-X7KQ1002M?lista=141346768
X7P110026,78,115000,marasti,https://www.imobiliare.ro/vanzare-apartamente/cluj-napoca/marasti/apartament-de-vanzare-4-camere-X7P110026?lista=141346768
X7V20000M,78,119000,europa,https://www.imobiliare.ro/vanzare-apartamente/cluj-napoca/europa/apartament-de-vanzare-3-camere-X7V20000M?lista=141346768
X8BO1002G,78,119000,marasti,https://www.imobiliare.ro/vanzare-apartamente/cluj-napoca/marasti/apartament-de-vanzare-4-camere-X8BO1002G?lista=141346768
X8M21002I,78,89000,manastur,https://www.imobiliare.ro/vanzare-apartamente/cluj-napoca/manastur/apartament-de-vanzare-4-camere-X8M21002I?lista=141346768
X8M210079,78,95000,manastur,https://www.imobiliare.ro/vanzare-apartamente/cluj-napoca/manastur/apartament-de-vanzare-4-camere-X8M210079?lista=141346768
X8M2100GK,78,110000,marasti,https://www.imobiliare.ro/vanzare-apartamente/cluj-napoca/marasti/apartament-de-vanzare-4-camere-X8M2100GK?lista=141346768
X8M2100OQ,78,115000,marasti,https://www.imobiliare.ro/vanzare-apartamente/cluj-napoca/marasti/apartament-de-vanzare-4-camere-X8M2100OQ?lista=141346768
X8MD10094,78,117900,zorilor,https://www.imobiliare.ro/vanzare-apartamente/cluj-napoca/zorilor/apartament-de-vanzare-4-camere-X8MD10094?lista=141346768
X8SC1000J,78,83000,manastur,https://www.imobiliare.ro/vanzare-apartamente/cluj-napoca/manastur/apartament-de-vanzare-3-camere-X8SC1000J?lista=141346768
X8SD0002V,78,115000,marasti,https://www.imobiliare.ro/vanzare-apartamente/cluj-napoca/marasti/apartament-de-vanzare-4-camere-X8SD0002V?lista=141346768
X90R100D1,78,115000,marasti,https://www.imobiliare.ro/vanzare-apartamente/cluj-napoca/marasti/apartament-de-vanzare-4-camere-X90R100D1?lista=141346768
X92N10032,78,115000,marasti,https://www.imobiliare.ro/vanzare-apartamente/cluj-napoca/marasti/apartament-de-vanzare-4-camere-X92N10032?lista=141346768
X93B10085,78,89500,marasti,https://www.imobiliare.ro/vanzare-apartamente/cluj-napoca/marasti/apartament-de-vanzare-3-camere-X93B10085?lista=141346768
X9AC1000A,78,102000,manastur,https://www.imobiliare.ro/vanzare-apartamente/cluj-napoca/manastur/apartament-de-vanzare-4-camere-X9AC1000A?lista=141346768
X9AC1003S,78,95000,manastur,https://www.imobiliare.ro/vanzare-apartamente/cluj-napoca/manastur/apartament-de-vanzare-4-camere-X9AC1003S?lista=141346768
X9PI1001C,78,105000,dambul rotund,https://www.imobiliare.ro/vanzare-apartamente/cluj-napoca/dambul-rotund/apartament-de-vanzare-3-camere-X9PI1001C?lista=141346768
X9PI10038,78,112000,manastur,https://www.imobiliare.ro/vanzare-apartamente/cluj-napoca/manastur/apartament-de-vanzare-4-camere-X9PI10038?lista=141346768
X9PI10042,78,95000,manastur,https://www.imobiliare.ro/vanzare-apartamente/cluj-napoca/manastur/apartament-de-vanzare-4-camere-X9PI10042?lista=141346768
X9PI10047,78,109000,manastur,https://www.imobiliare.ro/vanzare-apartamente/cluj-napoca/manastur/apartament-de-vanzare-4-camere-X9PI10047?lista=141346768
X9PI100D9,78,109000,manastur,https://www.imobiliare.ro/vanzare-apartamente/cluj-napoca/manastur/apartament-de-vanzare-4-camere-X9PI100D9?lista=141346768
X9PL1001B,78,119000,buna ziua,https://www.imobiliare.ro/vanzare-apartamente/cluj-napoca/buna-ziua/apartament-de-vanzare-3-camere-X9PL1001B?lista=141346768
X9PL1003A,78,111500,manastur,https://www.imobiliare.ro/vanzare-apartamente/cluj-napoca/manastur/apartament-de-vanzare-4-camere-X9PL1003A?lista=141346768
X9PL1005L,78,95000,manastur,https://www.imobiliare.ro/vanzare-apartamente/cluj-napoca/manastur/apartament-de-vanzare-4-camere-X9PL1005L?lista=141346768
X9PN1000F,78,115000,marasti,https://www.imobiliare.ro/vanzare-apartamente/cluj-napoca/marasti/apartament-de-vanzare-4-camere-X9PN1000F?lista=141346768
X9Q100089,78,97500,gheorgheni,https://www.imobiliare.ro/vanzare-apartamente/cluj-napoca/gheorgheni/apartament-de-vanzare-3-camere-X9Q100089?lista=141346768
X9VF1000H,78,118000,marasti,https://www.imobiliare.ro/vanzare-apartamente/cluj-napoca/marasti/apartament-de-vanzare-4-camere-X9VF1000H?lista=141346768
XA6P0000B,78,120000,marasti,https://www.imobiliare.ro/vanzare-apartamente/cluj-napoca/marasti/apartament-de-vanzare-4-camere-XA6P0000B?lista=141346768
XAHI1001V,78,117000,zorilor,https://www.imobiliare.ro/vanzare-apartamente/cluj-napoca/zorilor/apartament-de-vanzare-4-camere-XAHI1001V?lista=141346768
XAHI1003G,78,105000,manastur,https://www.imobiliare.ro/vanzare-apartamente/cluj-napoca/manastur/apartament-de-vanzare-4-camere-XAHI1003G?lista=141346768
XARL10006,78,95000,manastur,https://www.imobiliare.ro/vanzare-apartamente/cluj-napoca/manastur/apartament-de-vanzare-4-camere-XARL10006?lista=141346768
XARL1004V,78,114000,manastur,https://www.imobiliare.ro/vanzare-apartamente/cluj-napoca/manastur/apartament-de-vanzare-4-camere-XARL1004V?lista=141346768
X01V1000T,79,86000,dambul rotund,https://www.imobiliare.ro/vanzare-apartamente/cluj-napoca/dambul-rotund/apartament-de-vanzare-3-camere-X01V1000T?lista=141346768
X1FJ0019I,79,89900,manastur,https://www.imobiliare.ro/vanzare-apartamente/cluj-napoca/manastur/apartament-de-vanzare-4-camere-X1FJ0019I?lista=141346768
X1KA100DR,79,115000,marasti,https://www.imobiliare.ro/vanzare-apartamente/cluj-napoca/marasti/apartament-de-vanzare-4-camere-X1KA100DR?lista=141346768
X46K103KK,79,90000,manastur,https://www.imobiliare.ro/vanzare-apartamente/cluj-napoca/manastur/apartament-de-vanzare-4-camere-X46K103KK?lista=141346768
X4I71003L,79,119415,gheorgheni,https://www.imobiliare.ro/vanzare-apartamente/cluj-napoca/gheorgheni/apartament-de-vanzare-3-camere-X4I71003L?lista=141346768
X4I71008A,79,98900,manastur,https://www.imobiliare.ro/vanzare-apartamente/cluj-napoca/manastur/apartament-de-vanzare-4-camere-X4I71008A?lista=141346768
X7KQ1003R,79,89900,manastur,https://www.imobiliare.ro/vanzare-apartamente/cluj-napoca/manastur/apartament-de-vanzare-4-camere-X7KQ1003R?lista=141346768
X8BO10019,79,120000,zorilor,https://www.imobiliare.ro/vanzare-apartamente/cluj-napoca/zorilor/apartament-de-vanzare-3-camere-X8BO10019?lista=141346768
X8I700056,79,120000,marasti,https://www.imobiliare.ro/vanzare-apartamente/cluj-napoca/marasti/apartament-de-vanzare-4-camere-X8I700056?lista=141346768
X8M21006R,79,99000,manastur,https://www.imobiliare.ro/vanzare-apartamente/cluj-napoca/manastur/apartament-de-vanzare-4-camere-X8M21006R?lista=141346768
X90R1002H,79,95000,manastur,https://www.imobiliare.ro/vanzare-apartamente/cluj-napoca/manastur/apartament-de-vanzare-4-camere-X90R1002H?lista=141346768
X9AC10015,79,101000,manastur,https://www.imobiliare.ro/vanzare-apartamente/cluj-napoca/manastur/apartament-de-vanzare-4-camere-X9AC10015?lista=141346768
X9PI10027,79,95000,manastur,http://www.imobiliare.ro/vanzare-apartamente/cluj-napoca/manastur/apartament-de-vanzare-4-camere-X9PI10027?lista=141346768
X9PL10040,79,117000,zorilor,https://www.imobiliare.ro/vanzare-apartamente/cluj-napoca/zorilor/apartament-de-vanzare-4-camere-X9PL10040?lista=141346768
XAK300004,79,105000,marasti,https://www.imobiliare.ro/vanzare-apartamente/cluj-napoca/marasti/apartament-de-vanzare-3-camere-XAK300004?lista=141346768
XANP00009,79,96708,marasti,https://www.imobiliare.ro/vanzare-apartamente/cluj-napoca/marasti/apartament-de-vanzare-3-camere-XANP00009?lista=141346768
XV0G00H4L,79,99000,manastur,https://www.imobiliare.ro/vanzare-apartamente/cluj-napoca/manastur/apartament-de-vanzare-4-camere-XV0G00H4L?lista=141346768
X01V100AO,80,93000,marasti,https://www.imobiliare.ro/vanzare-apartamente/cluj-napoca/marasti/apartament-de-vanzare-3-camere-X01V100AO?lista=141346768
X1FJ00179,80,108000,manastur,https://www.imobiliare.ro/vanzare-apartamente/cluj-napoca/manastur/apartament-de-vanzare-4-camere-X1FJ00179?lista=141346768
X1FJ0018K,80,95000,manastur,https://www.imobiliare.ro/vanzare-apartamente/cluj-napoca/manastur/apartament-de-vanzare-4-camere-X1FJ0018K?lista=141346768
X1KA10045,80,120000,manastur,http://www.imobiliare.ro/vanzare-apartamente/cluj-napoca/manastur/apartament-de-vanzare-3-camere-X1KA10045?lista=141346768
X1KA100DI,80,104000,manastur,https://www.imobiliare.ro/vanzare-apartamente/cluj-napoca/manastur/apartament-de-vanzare-4-camere-X1KA100DI?lista=141346768
X1KA100E2,80,82900,grigorescu,https://www.imobiliare.ro/vanzare-apartamente/cluj-napoca/grigorescu/apartament-de-vanzare-3-camere-X1KA100E2?lista=141346768
X1KA100J7,80,119000,marasti,https://www.imobiliare.ro/vanzare-apartamente/cluj-napoca/marasti/apartament-de-vanzare-3-camere-X1KA100J7?lista=141346768
X1KA100TB,80,102000,manastur,https://www.imobiliare.ro/vanzare-apartamente/cluj-napoca/manastur/apartament-de-vanzare-4-camere-X1KA100TB?lista=141346768
X1KA101RG,80,92000,gheorgheni,https://www.imobiliare.ro/vanzare-apartamente/cluj-napoca/gheorgheni/apartament-de-vanzare-3-camere-X1KA101RG?lista=141346768
X1KA1021G,80,110000,marasti,https://www.imobiliare.ro/vanzare-apartamente/cluj-napoca/marasti/apartament-de-vanzare-4-camere-X1KA1021G?lista=141346768
X1KA10223,80,112000,gheorgheni,https://www.imobiliare.ro/vanzare-apartamente/cluj-napoca/gheorgheni/apartament-de-vanzare-3-camere-X1KA10223?lista=141346768
X3SH102JV,80,113000,aurel vlaicu,https://www.imobiliare.ro/vanzare-apartamente/cluj-napoca/aurel-vlaicu/apartament-de-vanzare-4-camere-X3SH102JV?lista=141346768
X3SH1039Q,80,89990,gheorgheni,https://www.imobiliare.ro/vanzare-apartamente/cluj-napoca/gheorgheni/apartament-de-vanzare-3-camere-X3SH1039Q?lista=141346768
X46K10097,80,109000,manastur,https://www.imobiliare.ro/vanzare-apartamente/cluj-napoca/manastur/apartament-de-vanzare-4-camere-X46K10097?lista=141346768
X46K100MV,80,82000,manastur,https://www.imobiliare.ro/vanzare-apartamente/cluj-napoca/manastur/apartament-de-vanzare-4-camere-X46K100MV?lista=141346768
X46K100QH,80,120000,campului,https://www.imobiliare.ro/vanzare-apartamente/cluj-napoca/campului/apartament-de-vanzare-3-camere-X46K100QH?lista=141346768
X46K1048L,80,115000,manastur,https://www.imobiliare.ro/vanzare-apartamente/cluj-napoca/manastur/apartament-de-vanzare-4-camere-X46K1048L?lista=141346768
X46K104SH,80,116000,marasti,https://www.imobiliare.ro/vanzare-apartamente/cluj-napoca/marasti/apartament-de-vanzare-4-camere-X46K104SH?lista=141346768
X4I71000T,80,120000,manastur,https://www.imobiliare.ro/vanzare-apartamente/cluj-napoca/manastur/apartament-de-vanzare-4-camere-X4I71000T?lista=141346768
X4I71004J,80,120000,marasti,https://www.imobiliare.ro/vanzare-apartamente/cluj-napoca/marasti/apartament-de-vanzare-4-camere-X4I71004J?lista=141346768
X4V300014,80,119900,zorilor,https://www.imobiliare.ro/vanzare-apartamente/cluj-napoca/zorilor/apartament-de-vanzare-4-camere-X4V300014?lista=141346768
X4V3000RP,80,100000,marasti,https://www.imobiliare.ro/vanzare-apartamente/cluj-napoca/marasti/apartament-de-vanzare-4-camere-X4V3000RP?lista=141346768
X54N00018,80,117745,ultracentral,http://www.imobiliare.ro/vanzare-apartamente/cluj-napoca/ultracentral/apartament-de-vanzare-3-camere-X54N00018?lista=141346768
X54N0001O,80,118000,marasti,https://www.imobiliare.ro/vanzare-apartamente/cluj-napoca/marasti/apartament-de-vanzare-4-camere-X54N0001O?lista=141346768
X57Q10028,80,85000,borhanci,https://www.imobiliare.ro/vanzare-apartamente/cluj-napoca/borhanci/apartament-de-vanzare-3-camere-X57Q10028?lista=141346768
X57Q100F9,80,92000,gheorgheni,https://www.imobiliare.ro/vanzare-apartamente/cluj-napoca/gheorgheni/apartament-de-vanzare-3-camere-X57Q100F9?lista=141346768
X5ET1000E,80,90000,manastur,http://www.imobiliare.ro/vanzare-apartamente/cluj-napoca/manastur/apartament-de-vanzare-4-camere-X5ET1000E?lista=141346768
X5ET10040,80,115000,manastur,https://www.imobiliare.ro/vanzare-apartamente/cluj-napoca/manastur/apartament-de-vanzare-4-camere-X5ET10040?lista=141346768
X6QM10059,80,111900,marasti,https://www.imobiliare.ro/vanzare-apartamente/cluj-napoca/marasti/apartament-de-vanzare-4-camere-X6QM10059?lista=141346768
X7F91002N,80,87500,manastur,https://www.imobiliare.ro/vanzare-apartamente/cluj-napoca/manastur/apartament-de-vanzare-4-camere-X7F91002N?lista=141346768
X7KQ1002V,80,114000,marasti,https://www.imobiliare.ro/vanzare-apartamente/cluj-napoca/marasti/apartament-de-vanzare-4-camere-X7KQ1002V?lista=141346768
X7KQ100ES,80,115000,zorilor,https://www.imobiliare.ro/vanzare-apartamente/cluj-napoca/zorilor/apartament-de-vanzare-4-camere-X7KQ100ES?lista=141346768
X7ME00012,80,117000,manastur,https://www.imobiliare.ro/vanzare-apartamente/cluj-napoca/manastur/apartament-de-vanzare-4-camere-X7ME00012?lista=141346768
X7P110027,80,118000,marasti,https://www.imobiliare.ro/vanzare-apartamente/cluj-napoca/marasti/apartament-de-vanzare-4-camere-X7P110027?lista=141346768
X8CH10007,80,110000,manastur,https://www.imobiliare.ro/vanzare-apartamente/cluj-napoca/manastur/apartament-de-vanzare-3-camere-X8CH10007?lista=141346768
X8DD1001U,80,93500,campului,https://www.imobiliare.ro/vanzare-apartamente/cluj-napoca/campului/apartament-de-vanzare-4-camere-X8DD1001U?lista=141346768
X8F50007I,80,113000,marasti,https://www.imobiliare.ro/vanzare-apartamente/cluj-napoca/marasti/apartament-de-vanzare-4-camere-X8F50007I?lista=141346768
X8F500097,80,117000,zorilor,https://www.imobiliare.ro/vanzare-apartamente/cluj-napoca/zorilor/apartament-de-vanzare-4-camere-X8F500097?lista=141346768
X8JT10036,80,89500,marasti,https://www.imobiliare.ro/vanzare-apartamente/cluj-napoca/marasti/apartament-de-vanzare-3-camere-X8JT10036?lista=141346768
X8M21005N,80,115000,marasti,https://www.imobiliare.ro/vanzare-apartamente/cluj-napoca/marasti/apartament-de-vanzare-4-camere-X8M21005N?lista=141346768
X8MD1001A,80,115000,marasti,https://www.imobiliare.ro/vanzare-apartamente/cluj-napoca/marasti/apartament-de-vanzare-4-camere-X8MD1001A?lista=141346768
X8MD1002D,80,95000,manastur,https://www.imobiliare.ro/vanzare-apartamente/cluj-napoca/manastur/apartament-de-vanzare-4-camere-X8MD1002D?lista=141346768
X8MD1004I,80,95000,manastur,https://www.imobiliare.ro/vanzare-apartamente/cluj-napoca/manastur/apartament-de-vanzare-4-camere-X8MD1004I?lista=141346768
X8MD1005O,80,110000,marasti,https://www.imobiliare.ro/vanzare-apartamente/cluj-napoca/marasti/apartament-de-vanzare-4-camere-X8MD1005O?lista=141346768
X8MD1006P,80,115000,marasti,https://www.imobiliare.ro/vanzare-apartamente/cluj-napoca/marasti/apartament-de-vanzare-4-camere-X8MD1006P?lista=141346768
X8MD10070,80,89900,manastur,https://www.imobiliare.ro/vanzare-apartamente/cluj-napoca/manastur/apartament-de-vanzare-4-camere-X8MD10070?lista=141346768
X8MD1009A,80,115000,marasti,https://www.imobiliare.ro/vanzare-apartamente/cluj-napoca/marasti/apartament-de-vanzare-4-camere-X8MD1009A?lista=141346768
X8QD10018,80,117000,buna ziua,https://www.imobiliare.ro/vanzare-apartamente/cluj-napoca/buna-ziua/apartament-de-vanzare-3-camere-X8QD10018?lista=141346768
X8QD1001S,80,120000,marasti,https://www.imobiliare.ro/vanzare-apartamente/cluj-napoca/marasti/apartament-de-vanzare-3-camere-X8QD1001S?lista=141346768
X93B1002K,80,110900,manastur,https://www.imobiliare.ro/vanzare-apartamente/cluj-napoca/manastur/apartament-de-vanzare-4-camere-X93B1002K?lista=141346768
X93B1005N,80,92000,marasti,http://www.imobiliare.ro/vanzare-apartamente/cluj-napoca/marasti/apartament-de-vanzare-3-camere-X93B1005N?lista=141346768
X9CH10028,80,118000,marasti,https://www.imobiliare.ro/vanzare-apartamente/cluj-napoca/marasti/apartament-de-vanzare-4-camere-X9CH10028?lista=141346768
X9CH10029,80,99900,manastur,https://www.imobiliare.ro/vanzare-apartamente/cluj-napoca/manastur/apartament-de-vanzare-3-camere-X9CH10029?lista=141346768
X9L60000C,80,115000,marasti,https://www.imobiliare.ro/vanzare-apartamente/cluj-napoca/marasti/apartament-de-vanzare-4-camere-X9L60000C?lista=141346768
X9LN10016,80,90000,campului,https://www.imobiliare.ro/vanzare-apartamente/cluj-napoca/campului/apartament-de-vanzare-4-camere-X9LN10016?lista=141346768
X9ND10006,80,110000,gheorgheni,https://www.imobiliare.ro/vanzare-apartamente/cluj-napoca/gheorgheni/apartament-de-vanzare-3-camere-X9ND10006?lista=141346768
X9PI10087,80,120000,manastur,https://www.imobiliare.ro/vanzare-apartamente/cluj-napoca/manastur/apartament-de-vanzare-3-camere-X9PI10087?lista=141346768
X9PL1001G,80,114000,marasti,https://www.imobiliare.ro/vanzare-apartamente/cluj-napoca/marasti/apartament-de-vanzare-4-camere-X9PL1001G?lista=141346768
X9PL1002I,80,117500,manastur,https://www.imobiliare.ro/vanzare-apartamente/cluj-napoca/manastur/apartament-de-vanzare-4-camere-X9PL1002I?lista=141346768
X9PN1000D,80,115000,marasti,https://www.imobiliare.ro/vanzare-apartamente/cluj-napoca/marasti/apartament-de-vanzare-4-camere-X9PN1000D?lista=141346768
X9PN1000P,80,89500,manastur,https://www.imobiliare.ro/vanzare-apartamente/cluj-napoca/manastur/apartament-de-vanzare-4-camere-X9PN1000P?lista=141346768
XAMQ0000H,80,112000,marasti,https://www.imobiliare.ro/vanzare-apartamente/cluj-napoca/marasti/apartament-de-vanzare-4-camere-XAMQ0000H?lista=141346768
XAO800030,80,85000,gruia,https://www.imobiliare.ro/vanzare-apartamente/cluj-napoca/gruia/apartament-de-vanzare-3-camere-XAO800030?lista=141346768
XAON1002D,80,95000,manastur,https://www.imobiliare.ro/vanzare-apartamente/cluj-napoca/manastur/apartament-de-vanzare-4-camere-XAON1002D?lista=141346768
XARL1000V,80,102000,marasti,http://www.imobiliare.ro/vanzare-apartamente/cluj-napoca/marasti/apartament-de-vanzare-4-camere-XARL1000V?lista=141346768
XARL1001I,80,99000,manastur,https://www.imobiliare.ro/vanzare-apartamente/cluj-napoca/manastur/apartament-de-vanzare-4-camere-XARL1001I?lista=141346768
XARL10022,80,117000,manastur,https://www.imobiliare.ro/vanzare-apartamente/cluj-napoca/manastur/apartament-de-vanzare-4-camere-XARL10022?lista=141346768
XARL1002F,80,113000,marasti,https://www.imobiliare.ro/vanzare-apartamente/cluj-napoca/marasti/apartament-de-vanzare-4-camere-XARL1002F?lista=141346768
X01V1008M,81,119000,manastur,https://www.imobiliare.ro/vanzare-apartamente/cluj-napoca/manastur/apartament-de-vanzare-4-camere-X01V1008M?lista=141346768
X1KA100LT,81,115000,manastur,https://www.imobiliare.ro/vanzare-apartamente/cluj-napoca/manastur/apartament-de-vanzare-4-camere-X1KA100LT?lista=141346768
X46K1009K,81,117000,manastur,https://www.imobiliare.ro/vanzare-apartamente/cluj-napoca/manastur/apartament-de-vanzare-4-camere-X46K1009K?lista=141346768
X46K10212,81,115000,marasti,https://www.imobiliare.ro/vanzare-apartamente/cluj-napoca/marasti/apartament-de-vanzare-4-camere-X46K10212?lista=141346768
X46K103FK,81,119000,manastur,https://www.imobiliare.ro/vanzare-apartamente/cluj-napoca/manastur/apartament-de-vanzare-4-camere-X46K103FK?lista=141346768
X4HK10019,81,99422,zorilor,https://www.imobiliare.ro/vanzare-apartamente/cluj-napoca/zorilor/apartament-de-vanzare-3-camere-X4HK10019?lista=141346768
X54N00022,81,117000,manastur,https://www.imobiliare.ro/vanzare-apartamente/cluj-napoca/manastur/apartament-de-vanzare-4-camere-X54N00022?lista=141346768
X54N00044,81,110000,manastur,https://www.imobiliare.ro/vanzare-apartamente/cluj-napoca/manastur/apartament-de-vanzare-4-camere-X54N00044?lista=141346768
X54N0008Q,81,106000,manastur,https://www.imobiliare.ro/vanzare-apartamente/cluj-napoca/manastur/apartament-de-vanzare-4-camere-X54N0008Q?lista=141346768
X5ET1002I,81,115000,manastur,https://www.imobiliare.ro/vanzare-apartamente/cluj-napoca/manastur/apartament-de-vanzare-4-camere-X5ET1002I?lista=141346768
X5ET1003N,81,97000,manastur,https://www.imobiliare.ro/vanzare-apartamente/cluj-napoca/manastur/apartament-de-vanzare-4-camere-X5ET1003N?lista=141346768
X5ET1003R,81,117000,manastur,https://www.imobiliare.ro/vanzare-apartamente/cluj-napoca/manastur/apartament-de-vanzare-4-camere-X5ET1003R?lista=141346768
X6710006E,81,99800,buna ziua,https://www.imobiliare.ro/vanzare-apartamente/cluj-napoca/buna-ziua/apartament-de-vanzare-3-camere-X6710006E?lista=141346768
X7JK00052,81,92000,manastur,https://www.imobiliare.ro/vanzare-apartamente/cluj-napoca/manastur/apartament-de-vanzare-4-camere-X7JK00052?lista=141346768
X7ME0001C,81,110000,manastur,https://www.imobiliare.ro/vanzare-apartamente/cluj-napoca/manastur/apartament-de-vanzare-4-camere-X7ME0001C?lista=141346768
X8BO1000J,81,109000,zorilor,https://www.imobiliare.ro/vanzare-apartamente/cluj-napoca/zorilor/apartament-de-vanzare-4-camere-X8BO1000J?lista=141346768
X8M2100HJ,81,110000,manastur,https://www.imobiliare.ro/vanzare-apartamente/cluj-napoca/manastur/apartament-de-vanzare-4-camere-X8M2100HJ?lista=141346768
X8MD10038,81,109000,manastur,https://www.imobiliare.ro/vanzare-apartamente/cluj-napoca/manastur/apartament-de-vanzare-4-camere-X8MD10038?lista=141346768
X8MD100AV,81,119000,manastur,https://www.imobiliare.ro/vanzare-apartamente/cluj-napoca/manastur/apartament-de-vanzare-4-camere-X8MD100AV?lista=141346768
X9AC10010,81,117000,manastur,https://www.imobiliare.ro/vanzare-apartamente/cluj-napoca/manastur/apartament-de-vanzare-4-camere-X9AC10010?lista=141346768
X9PI10040,81,107500,manastur,https://www.imobiliare.ro/vanzare-apartamente/cluj-napoca/manastur/apartament-de-vanzare-4-camere-X9PI10040?lista=141346768
X9PI10045,81,115000,manastur,http://www.imobiliare.ro/vanzare-apartamente/cluj-napoca/manastur/apartament-de-vanzare-3-camere-X9PI10045?lista=141346768
XAVK00009,81,89800,vest,https://www.imobiliare.ro/vanzare-apartamente/cluj-napoca/vest/apartament-de-vanzare-3-camere-XAVK00009?lista=141346768
XB1J10005,81,73071,manastur,https://www.imobiliare.ro/vanzare-apartamente/cluj-napoca/manastur/apartament-de-vanzare-3-camere-XB1J10005?lista=141346768
X1FJ00131,82,109000,manastur,https://www.imobiliare.ro/vanzare-apartamente/cluj-napoca/manastur/apartament-de-vanzare-4-camere-X1FJ00131?lista=141346768
X1KA100QN,82,106000,manastur,https://www.imobiliare.ro/vanzare-apartamente/cluj-napoca/manastur/apartament-de-vanzare-4-camere-X1KA100QN?lista=141346768
X1KA1017K,82,107000,manastur,https://www.imobiliare.ro/vanzare-apartamente/cluj-napoca/manastur/apartament-de-vanzare-3-camere-X1KA1017K?lista=141346768
X1KA101PJ,82,110000,gheorgheni,https://www.imobiliare.ro/vanzare-apartamente/cluj-napoca/gheorgheni/apartament-de-vanzare-3-camere-X1KA101PJ?lista=141346768
X3SH1023I,82,104000,manastur,https://www.imobiliare.ro/vanzare-apartamente/cluj-napoca/manastur/apartament-de-vanzare-4-camere-X3SH1023I?lista=141346768
X3SH103CR,82,115000,manastur,https://www.imobiliare.ro/vanzare-apartamente/cluj-napoca/manastur/apartament-de-vanzare-3-camere-X3SH103CR?lista=141346768
X46K100CB,82,110000,marasti,https://www.imobiliare.ro/vanzare-apartamente/cluj-napoca/marasti/apartament-de-vanzare-4-camere-X46K100CB?lista=141346768
X46K100GD,82,115000,manastur,https://www.imobiliare.ro/vanzare-apartamente/cluj-napoca/manastur/apartament-de-vanzare-4-camere-X46K100GD?lista=141346768
X46K1014G,82,105000,campului,https://www.imobiliare.ro/vanzare-apartamente/cluj-napoca/campului/apartament-de-vanzare-3-camere-X46K1014G?lista=141346768
X46K101T7,82,90000,manastur,https://www.imobiliare.ro/vanzare-apartamente/cluj-napoca/manastur/apartament-de-vanzare-4-camere-X46K101T7?lista=141346768
X46K101UL,82,120000,manastur,https://www.imobiliare.ro/vanzare-apartamente/cluj-napoca/manastur/apartament-de-vanzare-3-camere-X46K101UL?lista=141346768
X46K1027N,82,119500,manastur,https://www.imobiliare.ro/vanzare-apartamente/cluj-napoca/manastur/apartament-de-vanzare-3-camere-X46K1027N?lista=141346768
X4I71001P,82,102000,manastur,https://www.imobiliare.ro/vanzare-apartamente/cluj-napoca/manastur/apartament-de-vanzare-4-camere-X4I71001P?lista=141346768
X4I7100FO,82,106000,manastur,https://www.imobiliare.ro/vanzare-apartamente/cluj-napoca/manastur/apartament-de-vanzare-4-camere-X4I7100FO?lista=141346768
X4I7100H1,82,99900,manastur,https://www.imobiliare.ro/vanzare-apartamente/cluj-napoca/manastur/apartament-de-vanzare-3-camere-X4I7100H1?lista=141346768
X4I7100LS,82,120000,marasti,https://www.imobiliare.ro/vanzare-apartamente/cluj-napoca/marasti/apartament-de-vanzare-4-camere-X4I7100LS?lista=141346768
X54N0000R,82,107900,marasti,https://www.imobiliare.ro/vanzare-apartamente/cluj-napoca/marasti/apartament-de-vanzare-4-camere-X54N0000R?lista=141346768
X54N000B7,82,114450,europa,https://www.imobiliare.ro/vanzare-apartamente/cluj-napoca/europa/apartament-de-vanzare-3-camere-X54N000B7?lista=141346768
X6710006H,82,99800,buna ziua,https://www.imobiliare.ro/vanzare-apartamente/cluj-napoca/buna-ziua/apartament-de-vanzare-3-camere-X6710006H?lista=141346768
X7OM10015,82,96000,manastur,https://www.imobiliare.ro/vanzare-apartamente/cluj-napoca/manastur/apartament-de-vanzare-4-camere-X7OM10015?lista=141346768
X7OM1004A,82,105000,grigorescu,https://www.imobiliare.ro/vanzare-apartamente/cluj-napoca/grigorescu/apartament-de-vanzare-4-camere-X7OM1004A?lista=141346768
X8BO1001R,82,110000,marasti,https://www.imobiliare.ro/vanzare-apartamente/cluj-napoca/marasti/apartament-de-vanzare-4-camere-X8BO1001R?lista=141346768
X8BT0000V,82,110000,marasti,https://www.imobiliare.ro/vanzare-apartamente/cluj-napoca/marasti/apartament-de-vanzare-4-camere-X8BT0000V?lista=141346768
X8BT00011,82,105000,manastur,https://www.imobiliare.ro/vanzare-apartamente/cluj-napoca/manastur/apartament-de-vanzare-4-camere-X8BT00011?lista=141346768
X8M21000E,82,105000,manastur,https://www.imobiliare.ro/vanzare-apartamente/cluj-napoca/manastur/apartament-de-vanzare-4-camere-X8M21000E?lista=141346768
X8M21001Q,82,106600,sopor,https://www.imobiliare.ro/vanzare-apartamente/cluj-napoca/sopor/apartament-de-vanzare-3-camere-X8M21001Q?lista=141346768
X8M21002L,82,102000,manastur,https://www.imobiliare.ro/vanzare-apartamente/cluj-napoca/manastur/apartament-de-vanzare-4-camere-X8M21002L?lista=141346768
X8MD1003E,82,106000,manastur,https://www.imobiliare.ro/vanzare-apartamente/cluj-napoca/manastur/apartament-de-vanzare-4-camere-X8MD1003E?lista=141346768
X8MD1004G,82,112000,manastur,https://www.imobiliare.ro/vanzare-apartamente/cluj-napoca/manastur/apartament-de-vanzare-4-camere-X8MD1004G?lista=141346768
X8MD1008L,82,117000,manastur,https://www.imobiliare.ro/vanzare-apartamente/cluj-napoca/manastur/apartament-de-vanzare-4-camere-X8MD1008L?lista=141346768
X8MD100A0,82,107000,manastur,https://www.imobiliare.ro/vanzare-apartamente/cluj-napoca/manastur/apartament-de-vanzare-4-camere-X8MD100A0?lista=141346768
X8QD1000E,82,120000,marasti,https://www.imobiliare.ro/vanzare-apartamente/cluj-napoca/marasti/apartament-de-vanzare-4-camere-X8QD1000E?lista=141346768
X8SC1002O,82,109824,europa,https://www.imobiliare.ro/vanzare-apartamente/cluj-napoca/europa/apartament-de-vanzare-3-camere-X8SC1002O?lista=141346768
X92N10007,82,91113,manastur,https://www.imobiliare.ro/vanzare-apartamente/cluj-napoca/manastur/apartament-de-vanzare-3-camere-X92N10007?lista=141346768
X93B1005B,82,115200,gheorgheni,https://www.imobiliare.ro/vanzare-apartamente/cluj-napoca/gheorgheni/apartament-de-vanzare-3-camere-X93B1005B?lista=141346768
X9B41000N,82,104500,manastur,https://www.imobiliare.ro/vanzare-apartamente/cluj-napoca/manastur/apartament-de-vanzare-4-camere-X9B41000N?lista=141346768
X9PI100BF,82,106000,manastur,https://www.imobiliare.ro/vanzare-apartamente/cluj-napoca/manastur/apartament-de-vanzare-4-camere-X9PI100BF?lista=141346768
X9T700025,82,100300,gheorgheni,https://www.imobiliare.ro/vanzare-apartamente/cluj-napoca/gheorgheni/apartament-de-vanzare-3-camere-X9T700025?lista=141346768
XAH21000G,82,119000,marasti,https://www.imobiliare.ro/vanzare-apartamente/cluj-napoca/marasti/apartament-de-vanzare-4-camere-XAH21000G?lista=141346768
X1KA10059,83,119601,borhanci,https://www.imobiliare.ro/vanzare-apartamente/cluj-napoca/borhanci/apartament-de-vanzare-3-camere-X1KA10059?lista=141346768
X1KA1009G,83,109000,marasti,https://www.imobiliare.ro/vanzare-apartamente/cluj-napoca/marasti/apartament-de-vanzare-4-camere-X1KA1009G?lista=141346768
X46K100NQ,83,98000,manastur,https://www.imobiliare.ro/vanzare-apartamente/cluj-napoca/manastur/apartament-de-vanzare-4-camere-X46K100NQ?lista=141346768
X54N0005V,83,106000,semicentral,https://www.imobiliare.ro/vanzare-apartamente/cluj-napoca/semicentral/apartament-de-vanzare-3-camere-X54N0005V?lista=141346768
X54N00095,83,109000,gheorgheni,https://www.imobiliare.ro/vanzare-apartamente/cluj-napoca/gheorgheni/apartament-de-vanzare-3-camere-X54N00095?lista=141346768
X5TR1000L,83,93000,marasti,https://www.imobiliare.ro/vanzare-apartamente/cluj-napoca/marasti/apartament-de-vanzare-3-camere-X5TR1000L?lista=141346768
X82610014,83,109000,gheorgheni,https://www.imobiliare.ro/vanzare-apartamente/cluj-napoca/gheorgheni/apartament-de-vanzare-3-camere-X82610014?lista=141346768
X8M2100F6,83,105120,borhanci,https://www.imobiliare.ro/vanzare-apartamente/cluj-napoca/borhanci/apartament-de-vanzare-3-camere-X8M2100F6?lista=141346768
X9PN1001L,83,108000,manastur,https://www.imobiliare.ro/vanzare-apartamente/cluj-napoca/manastur/apartament-de-vanzare-4-camere-X9PN1001L?lista=141346768
XAVK0000A,83,91300,vest,https://www.imobiliare.ro/vanzare-apartamente/cluj-napoca/vest/apartament-de-vanzare-3-camere-XAVK0000A?lista=141346768
X1KA1008E,84,120000,buna ziua,https://www.imobiliare.ro/vanzare-apartamente/cluj-napoca/buna-ziua/apartament-de-vanzare-3-camere-X1KA1008E?lista=141346768
X1KA101EH,84,89000,manastur,https://www.imobiliare.ro/vanzare-apartamente/cluj-napoca/manastur/apartament-de-vanzare-4-camere-X1KA101EH?lista=141346768
X4I71001Q,84,115000,grigorescu,https://www.imobiliare.ro/vanzare-apartamente/cluj-napoca/grigorescu/apartament-de-vanzare-4-camere-X4I71001Q?lista=141346768
X4I7100M3,84,101994,marasti,https://www.imobiliare.ro/vanzare-apartamente/cluj-napoca/marasti/apartament-de-vanzare-3-camere-X4I7100M3?lista=141346768
X57Q1002P,84,119000,buna ziua,https://www.imobiliare.ro/vanzare-apartamente/cluj-napoca/buna-ziua/apartament-de-vanzare-3-camere-X57Q1002P?lista=141346768
X8E500003,84,114000,zorilor,https://www.imobiliare.ro/vanzare-apartamente/cluj-napoca/zorilor/apartament-de-vanzare-4-camere-X8E500003?lista=141346768
X90R10099,84,105000,manastur,https://www.imobiliare.ro/vanzare-apartamente/cluj-napoca/manastur/apartament-de-vanzare-4-camere-X90R10099?lista=141346768
X90R100HB,84,115000,grigorescu,https://www.imobiliare.ro/vanzare-apartamente/cluj-napoca/grigorescu/apartament-de-vanzare-4-camere-X90R100HB?lista=141346768
X93B1002D,84,106500,buna ziua,https://www.imobiliare.ro/vanzare-apartamente/cluj-napoca/buna-ziua/apartament-de-vanzare-3-camere-X93B1002D?lista=141346768
X93B1002H,84,106500,buna ziua,https://www.imobiliare.ro/vanzare-apartamente/cluj-napoca/buna-ziua/apartament-de-vanzare-4-camere-X93B1002H?lista=141346768
X9CH10007,84,102000,manastur,https://www.imobiliare.ro/vanzare-apartamente/cluj-napoca/manastur/apartament-de-vanzare-4-camere-X9CH10007?lista=141346768
X9PI10020,84,115000,grigorescu,https://www.imobiliare.ro/vanzare-apartamente/cluj-napoca/grigorescu/apartament-de-vanzare-4-camere-X9PI10020?lista=141346768
XV0G00I8F,84,117000,zorilor,https://www.imobiliare.ro/vanzare-apartamente/cluj-napoca/zorilor/apartament-de-vanzare-4-camere-XV0G00I8F?lista=141346768
X01V1008S,85,110000,zorilor,https://www.imobiliare.ro/vanzare-apartamente/cluj-napoca/zorilor/apartament-de-vanzare-3-camere-X01V1008S?lista=141346768
X01V100FE,85,112000,manastur,https://www.imobiliare.ro/vanzare-apartamente/cluj-napoca/manastur/apartament-de-vanzare-4-camere-X01V100FE?lista=141346768
X1KA100A4,85,78000,manastur,https://www.imobiliare.ro/vanzare-apartamente/cluj-napoca/manastur/apartament-de-vanzare-3-camere-X1KA100A4?lista=141346768
X46K10076,85,95000,manastur,https://www.imobiliare.ro/vanzare-apartamente/cluj-napoca/manastur/apartament-de-vanzare-4-camere-X46K10076?lista=141346768
X46K103KF,85,119000,buna ziua,https://www.imobiliare.ro/vanzare-apartamente/cluj-napoca/buna-ziua/apartament-de-vanzare-3-camere-X46K103KF?lista=141346768
X4DE1000B,85,120000,marasti,https://www.imobiliare.ro/vanzare-apartamente/cluj-napoca/marasti/apartament-de-vanzare-4-camere-X4DE1000B?lista=141346768
X6QM1000M,85,112000,manastur,https://www.imobiliare.ro/vanzare-apartamente/cluj-napoca/manastur/apartament-de-vanzare-4-camere-X6QM1000M?lista=141346768
X7KQ10032,85,111000,grigorescu,https://www.imobiliare.ro/vanzare-apartamente/cluj-napoca/grigorescu/apartament-de-vanzare-3-camere-X7KQ10032?lista=141346768
X7KQ100EE,85,109000,buna ziua,https://www.imobiliare.ro/vanzare-apartamente/cluj-napoca/buna-ziua/apartament-de-vanzare-3-camere-X7KQ100EE?lista=141346768
X7P11000O,85,112000,manastur,https://www.imobiliare.ro/vanzare-apartamente/cluj-napoca/manastur/apartament-de-vanzare-4-camere-X7P11000O?lista=141346768
X7P11001E,85,85000,manastur,https://www.imobiliare.ro/vanzare-apartamente/cluj-napoca/manastur/apartament-de-vanzare-4-camere-X7P11001E?lista=141346768
X84N0000S,85,120000,manastur,https://www.imobiliare.ro/vanzare-apartamente/cluj-napoca/manastur/apartament-de-vanzare-4-camere-X84N0000S?lista=141346768
X8I70002D,85,119000,buna ziua,https://www.imobiliare.ro/vanzare-apartamente/cluj-napoca/buna-ziua/apartament-de-vanzare-3-camere-X8I70002D?lista=141346768
X8M2100L1,85,109000,buna ziua,https://www.imobiliare.ro/vanzare-apartamente/cluj-napoca/buna-ziua/apartament-de-vanzare-3-camere-X8M2100L1?lista=141346768
X8MD1000H,85,92000,manastur,https://www.imobiliare.ro/vanzare-apartamente/cluj-napoca/manastur/apartament-de-vanzare-4-camere-X8MD1000H?lista=141346768
X8MD1002A,85,119000,manastur,https://www.imobiliare.ro/vanzare-apartamente/cluj-napoca/manastur/apartament-de-vanzare-4-camere-X8MD1002A?lista=141346768
X8MD1009H,85,99000,manastur,https://www.imobiliare.ro/vanzare-apartamente/cluj-napoca/manastur/apartament-de-vanzare-4-camere-X8MD1009H?lista=141346768
X8MD100AC,85,110000,manastur,https://www.imobiliare.ro/vanzare-apartamente/cluj-napoca/manastur/apartament-de-vanzare-4-camere-X8MD100AC?lista=141346768
X90R1000R,85,90000,baciu,https://www.imobiliare.ro/vanzare-apartamente/cluj-napoca/baciu/apartament-de-vanzare-3-camere-X90R1000R?lista=141346768
X9CH10005,85,78000,manastur,https://www.imobiliare.ro/vanzare-apartamente/cluj-napoca/manastur/apartament-de-vanzare-3-camere-X9CH10005?lista=141346768
X9T70001A,85,115000,grigorescu,https://www.imobiliare.ro/vanzare-apartamente/cluj-napoca/grigorescu/apartament-de-vanzare-3-camere-X9T70001A?lista=141346768
XV0G00KPL,85,78000,manastur,https://www.imobiliare.ro/vanzare-apartamente/cluj-napoca/manastur/apartament-de-vanzare-3-camere-XV0G00KPL?lista=141346768
X01V100CV,86,120000,buna ziua,https://www.imobiliare.ro/vanzare-apartamente/cluj-napoca/buna-ziua/apartament-de-vanzare-3-camere-X01V100CV?lista=141346768
X4I71001M,86,99000,manastur,https://www.imobiliare.ro/vanzare-apartamente/cluj-napoca/manastur/apartament-de-vanzare-4-camere-X4I71001M?lista=141346768
X54N0009T,86,99000,manastur,https://www.imobiliare.ro/vanzare-apartamente/cluj-napoca/manastur/apartament-de-vanzare-4-camere-X54N0009T?lista=141346768
X7KQ100AN,86,115000,buna ziua,https://www.imobiliare.ro/vanzare-apartamente/cluj-napoca/buna-ziua/apartament-de-vanzare-3-camere-X7KQ100AN?lista=141346768
X8M2100M7,86,96000,manastur,https://www.imobiliare.ro/vanzare-apartamente/cluj-napoca/manastur/apartament-de-vanzare-4-camere-X8M2100M7?lista=141346768
X93B1009N,86,95000,marasti,http://www.imobiliare.ro/vanzare-apartamente/cluj-napoca/marasti/apartament-de-vanzare-3-camere-X93B1009N?lista=141346768
X9CO1001C,86,114999,manastur,https://www.imobiliare.ro/vanzare-apartamente/cluj-napoca/manastur/apartament-de-vanzare-4-camere-X9CO1001C?lista=141346768
X9CO1001M,86,114999,manastur,https://www.imobiliare.ro/vanzare-apartamente/cluj-napoca/manastur/apartament-de-vanzare-4-camere-X9CO1001M?lista=141346768
X9CO1001V,86,114900,manastur,https://www.imobiliare.ro/vanzare-apartamente/cluj-napoca/manastur/apartament-de-vanzare-4-camere-X9CO1001V?lista=141346768
X9CO10030,86,114999,manastur,https://www.imobiliare.ro/vanzare-apartamente/cluj-napoca/manastur/apartament-de-vanzare-4-camere-X9CO10030?lista=141346768
X9QC1000B,86,99000,manastur,https://www.imobiliare.ro/vanzare-apartamente/cluj-napoca/manastur/apartament-de-vanzare-4-camere-X9QC1000B?lista=141346768
XA5G1001D,86,115000,buna ziua,https://www.imobiliare.ro/vanzare-apartamente/cluj-napoca/buna-ziua/apartament-de-vanzare-3-camere-XA5G1001D?lista=141346768
XB0U1003C,86,98000,manastur,https://www.imobiliare.ro/vanzare-apartamente/cluj-napoca/manastur/apartament-de-vanzare-4-camere-XB0U1003C?lista=141346768
X1FJ0010I,87,92000,manastur,https://www.imobiliare.ro/vanzare-apartamente/cluj-napoca/manastur/apartament-de-vanzare-4-camere-X1FJ0010I?lista=141346768
X1FJ0015O,87,115000,buna ziua,http://www.imobiliare.ro/vanzare-apartamente/cluj-napoca/buna-ziua/apartament-de-vanzare-4-camere-X1FJ0015O?lista=141346768
X1KA10071,87,117000,manastur,https://www.imobiliare.ro/vanzare-apartamente/cluj-napoca/manastur/apartament-de-vanzare-4-camere-X1KA10071?lista=141346768
X46K1046V,87,97000,manastur,https://www.imobiliare.ro/vanzare-apartamente/cluj-napoca/manastur/apartament-de-vanzare-4-camere-X46K1046V?lista=141346768
X54N0007Q,87,99500,manastur,https://www.imobiliare.ro/vanzare-apartamente/cluj-napoca/manastur/apartament-de-vanzare-4-camere-X54N0007Q?lista=141346768
X6MU1000Q,87,98000,manastur,https://www.imobiliare.ro/vanzare-apartamente/cluj-napoca/manastur/apartament-de-vanzare-4-camere-X6MU1000Q?lista=141346768
X8SC10030,87,105000,marasti,https://www.imobiliare.ro/vanzare-apartamente/cluj-napoca/marasti/apartament-de-vanzare-3-camere-X8SC10030?lista=141346768
X93B1000J,87,115700,buna ziua,https://www.imobiliare.ro/vanzare-apartamente/cluj-napoca/buna-ziua/apartament-de-vanzare-3-camere-X93B1000J?lista=141346768
X93B1000Q,87,115700,buna ziua,https://www.imobiliare.ro/vanzare-apartamente/cluj-napoca/buna-ziua/apartament-de-vanzare-4-camere-X93B1000Q?lista=141346768
X93B1000V,87,99900,marasti,https://www.imobiliare.ro/vanzare-apartamente/cluj-napoca/marasti/apartament-de-vanzare-3-camere-X93B1000V?lista=141346768
XB0910001,87,105000,manastur,https://www.imobiliare.ro/vanzare-apartamente/cluj-napoca/manastur/apartament-de-vanzare-4-camere-XB0910001?lista=141346768
X8M21006K,88,99000,europa,https://www.imobiliare.ro/vanzare-apartamente/cluj-napoca/europa/apartament-de-vanzare-4-camere-X8M21006K?lista=141346768
X93B1009P,88,113117,zorilor,https://www.imobiliare.ro/vanzare-apartamente/cluj-napoca/zorilor/apartament-de-vanzare-4-camere-X93B1009P?lista=141346768
X9PN1001G,88,116000,manastur,https://www.imobiliare.ro/vanzare-apartamente/cluj-napoca/manastur/apartament-de-vanzare-4-camere-X9PN1001G?lista=141346768
XB1J10004,88,97000,manastur,https://www.imobiliare.ro/vanzare-apartamente/cluj-napoca/manastur/apartament-de-vanzare-4-camere-XB1J10004?lista=141346768
X46K1020M,89,109000,campului,https://www.imobiliare.ro/vanzare-apartamente/cluj-napoca/campului/apartament-de-vanzare-3-camere-X46K1020M?lista=141346768
X4I7100K3,89,108517,marasti,https://www.imobiliare.ro/vanzare-apartamente/cluj-napoca/marasti/apartament-de-vanzare-4-camere-X4I7100K3?lista=141346768
X6710001U,89,119500,marasti,https://www.imobiliare.ro/vanzare-apartamente/cluj-napoca/marasti/apartament-de-vanzare-3-camere-X6710001U?lista=141346768
XANP0000Q,89,108517,marasti,https://www.imobiliare.ro/vanzare-apartamente/cluj-napoca/marasti/apartament-de-vanzare-4-camere-XANP0000Q?lista=141346768
X1KA10083,90,108500,marasti,https://www.imobiliare.ro/vanzare-apartamente/cluj-napoca/marasti/apartament-de-vanzare-4-camere-X1KA10083?lista=141346768
X1KA100H5,90,119000,dambul rotund,https://www.imobiliare.ro/vanzare-apartamente/cluj-napoca/dambul-rotund/apartament-de-vanzare-4-camere-X1KA100H5?lista=141346768
X1OR1000C,90,103000,manastur,https://www.imobiliare.ro/vanzare-apartamente/cluj-napoca/manastur/apartament-de-vanzare-3-camere-X1OR1000C?lista=141346768
X46K104E0,90,117000,manastur,https://www.imobiliare.ro/vanzare-apartamente/cluj-napoca/manastur/apartament-de-vanzare-4-camere-X46K104E0?lista=141346768
X82S1001B,90,99900,manastur,https://www.imobiliare.ro/vanzare-apartamente/cluj-napoca/manastur/apartament-de-vanzare-3-camere-X82S1001B?lista=141346768
X8MD10075,90,99000,manastur,https://www.imobiliare.ro/vanzare-apartamente/cluj-napoca/manastur/apartament-de-vanzare-4-camere-X8MD10075?lista=141346768
X9E00001B,90,108517,marasti,https://www.imobiliare.ro/vanzare-apartamente/cluj-napoca/marasti/apartament-de-vanzare-4-camere-X9E00001B?lista=141346768
X9PL100C0,90,117000,manastur,https://www.imobiliare.ro/vanzare-apartamente/cluj-napoca/manastur/apartament-de-vanzare-4-camere-X9PL100C0?lista=141346768
X1KA100R8,91,104900,manastur,https://www.imobiliare.ro/vanzare-apartamente/cluj-napoca/manastur/apartament-de-vanzare-3-camere-X1KA100R8?lista=141346768
X46K102RK,91,119000,borhanci,https://www.imobiliare.ro/vanzare-apartamente/cluj-napoca/borhanci/apartament-de-vanzare-3-camere-X46K102RK?lista=141346768
X46K102RU,91,100000,campului,https://www.imobiliare.ro/vanzare-apartamente/cluj-napoca/campului/penthouse-de-vanzare-3-camere-X46K102RU?lista=141346768
X8MD10085,91,110000,manastur,http://www.imobiliare.ro/vanzare-apartamente/cluj-napoca/manastur/apartament-de-vanzare-4-camere-X8MD10085?lista=141346768
X9O41000R,91,119000,andrei muresanu,https://www.imobiliare.ro/vanzare-apartamente/cluj-napoca/andrei-muresanu/apartament-de-vanzare-3-camere-X9O41000R?lista=141346768
X3SH1034R,92,94900,manastur,https://www.imobiliare.ro/vanzare-apartamente/cluj-napoca/manastur/apartament-de-vanzare-3-camere-X3SH1034R?lista=141346768
X83T0000M,92,95000,manastur,https://www.imobiliare.ro/vanzare-apartamente/cluj-napoca/manastur/apartament-de-vanzare-3-camere-X83T0000M?lista=141346768
X8JT10018,93,118000,marasti,http://www.imobiliare.ro/vanzare-apartamente/cluj-napoca/marasti/apartament-de-vanzare-4-camere-X8JT10018?lista=141346768
XARL1002E,93,120000,marasti,http://www.imobiliare.ro/vanzare-apartamente/cluj-napoca/marasti/apartament-de-vanzare-4-camere-XARL1002E?lista=141346768
X46K1054R,94,112500,borhanci,https://www.imobiliare.ro/vanzare-apartamente/cluj-napoca/borhanci/apartament-de-vanzare-3-camere-X46K1054R?lista=141346768
X4I710038,94,90000,borhanci,https://www.imobiliare.ro/vanzare-apartamente/cluj-napoca/borhanci/apartament-de-vanzare-4-camere-X4I710038?lista=141346768
X5ET10016,94,120000,marasti,https://www.imobiliare.ro/vanzare-apartamente/cluj-napoca/marasti/apartament-de-vanzare-4-camere-X5ET10016?lista=141346768
X5NQ1004A,94,120000,central,https://www.imobiliare.ro/vanzare-apartamente/cluj-napoca/central/apartament-de-vanzare-4-camere-X5NQ1004A?lista=141346768
X7KQ1001F,94,95000,borhanci,https://www.imobiliare.ro/vanzare-apartamente/cluj-napoca/borhanci/apartament-de-vanzare-4-camere-X7KQ1001F?lista=141346768
XANP0000F,94,118235,marasti,https://www.imobiliare.ro/vanzare-apartamente/cluj-napoca/marasti/apartament-de-vanzare-4-camere-XANP0000F?lista=141346768
X3SH102T4,95,91000,campului,https://www.imobiliare.ro/vanzare-apartamente/cluj-napoca/campului/apartament-de-vanzare-3-camere-X3SH102T4?lista=141346768
X9CH10004,96,109000,manastur,https://www.imobiliare.ro/vanzare-apartamente/cluj-napoca/manastur/apartament-de-vanzare-3-camere-X9CH10004?lista=141346768
XARL1005S,96,105000,manastur,https://www.imobiliare.ro/vanzare-apartamente/cluj-napoca/manastur/apartament-de-vanzare-3-camere-XARL1005S?lista=141346768
X36D10054,98,89000,manastur,https://www.imobiliare.ro/vanzare-apartamente/cluj-napoca/manastur/apartament-de-vanzare-3-camere-X36D10054?lista=141346768
X7ME0000D,98,114000,manastur,https://www.imobiliare.ro/vanzare-apartamente/cluj-napoca/manastur/apartament-de-vanzare-4-camere-X7ME0000D?lista=141346768
X8M2100CI,98,95000,dambul rotund,https://www.imobiliare.ro/vanzare-apartamente/cluj-napoca/dambul-rotund/apartament-de-vanzare-3-camere-X8M2100CI?lista=141346768
X8SC1001L,98,116389,marasti,https://www.imobiliare.ro/vanzare-apartamente/cluj-napoca/marasti/apartament-de-vanzare-4-camere-X8SC1001L?lista=141346768
X9PN10021,98,92600,manastur,https://www.imobiliare.ro/vanzare-apartamente/cluj-napoca/manastur/apartament-de-vanzare-3-camere-X9PN10021?lista=141346768
X5NQ1003E,99,89000,buna ziua,https://www.imobiliare.ro/vanzare-apartamente/cluj-napoca/buna-ziua/apartament-de-vanzare-3-camere-X5NQ1003E?lista=141346768
